<?xml version="1.0" encoding="UTF-8"?>

<!-- generated on 2021-10-20 08:03:37 by Eclipse SUMO netconvert Version 1.10.0
<configuration xmlns:xsi="http://www.w3.org/2001/XMLSchema-instance" xsi:noNamespaceSchemaLocation="http://sumo.dlr.de/xsd/netconvertConfiguration.xsd">

    <input>
        <type-files value="/usr/share/sumo/data/typemap/osmNetconvert.typ.xml"/>
        <osm-files value="osm_bbox.osm.xml"/>
    </input>

    <output>
        <output-file value="osm.net.xml"/>
        <output.street-names value="true"/>
        <output.original-names value="true"/>
    </output>

    <projection>
        <proj.utm value="true"/>
    </projection>

    <processing>
        <geometry.remove value="true"/>
        <roundabouts.guess value="true"/>
        <lefthand value="true"/>
    </processing>

    <tls_building>
        <tls.discard-simple value="true"/>
        <tls.join value="true"/>
        <tls.guess-signals value="true"/>
        <tls.default-type value="actuated"/>
    </tls_building>

    <ramp_guessing>
        <ramps.guess value="true"/>
    </ramp_guessing>

    <edge_removal>
        <keep-edges.by-vclass value="passenger"/>
    </edge_removal>

    <junctions>
        <junctions.join value="true"/>
        <junctions.corner-detail value="5"/>
    </junctions>

    <report>
        <verbose value="true"/>
        <aggregate-warnings value="5"/>
    </report>

</configuration>
-->

<net version="1.9" junctionCornerDetail="5" lefthand="true" limitTurnSpeed="5.50" xmlns:xsi="http://www.w3.org/2001/XMLSchema-instance" xsi:noNamespaceSchemaLocation="http://sumo.dlr.de/xsd/net_file.xsd">

    <location netOffset="-336685.93,3754906.84" convBoundary="0.00,-0.00,356.47,325.89" origBoundary="151.233287,-33.921971,151.237131,-33.919045" projParameter="+proj=utm +zone=56 +ellps=WGS84 +datum=WGS84 +units=m +no_defs"/>

    <type id="highway.bridleway" priority="1" numLanes="1" speed="2.78" allow="pedestrian" oneway="1" width="2.00"/>
    <type id="highway.bus_guideway" priority="1" numLanes="1" speed="27.78" allow="bus" oneway="1"/>
    <type id="highway.cycleway" priority="1" numLanes="1" speed="8.33" allow="bicycle" oneway="0" width="1.00"/>
    <type id="highway.footway" priority="1" numLanes="1" speed="2.78" allow="pedestrian" oneway="1" width="2.00"/>
    <type id="highway.ford" priority="1" numLanes="1" speed="2.78" allow="army" oneway="0"/>
    <type id="highway.living_street" priority="2" numLanes="1" speed="2.78" disallow="tram rail_urban rail rail_electric rail_fast ship" oneway="0"/>
    <type id="highway.motorway" priority="14" numLanes="2" speed="39.44" allow="private emergency authority army vip passenger hov taxi bus coach delivery truck trailer motorcycle evehicle custom1 custom2" oneway="1"/>
    <type id="highway.motorway_link" priority="9" numLanes="1" speed="22.22" allow="private emergency authority army vip passenger hov taxi bus coach delivery truck trailer motorcycle evehicle custom1 custom2" oneway="1"/>
    <type id="highway.path" priority="1" numLanes="1" speed="2.78" allow="pedestrian bicycle" oneway="0" width="2.00"/>
    <type id="highway.pedestrian" priority="1" numLanes="1" speed="2.78" allow="pedestrian" oneway="1" width="2.00"/>
    <type id="highway.primary" priority="12" numLanes="2" speed="27.78" disallow="tram rail_urban rail rail_electric rail_fast ship" oneway="0"/>
    <type id="highway.primary_link" priority="7" numLanes="1" speed="22.22" disallow="tram rail_urban rail rail_electric rail_fast ship" oneway="0"/>
    <type id="highway.raceway" priority="15" numLanes="2" speed="83.33" allow="vip" oneway="0"/>
    <type id="highway.residential" priority="3" numLanes="1" speed="13.89" disallow="tram rail_urban rail rail_electric rail_fast ship" oneway="0"/>
    <type id="highway.secondary" priority="11" numLanes="1" speed="27.78" disallow="tram rail_urban rail rail_electric rail_fast ship" oneway="0"/>
    <type id="highway.secondary_link" priority="6" numLanes="1" speed="22.22" disallow="tram rail_urban rail rail_electric rail_fast ship" oneway="0"/>
    <type id="highway.service" priority="1" numLanes="1" speed="5.56" allow="pedestrian delivery bicycle" oneway="0"/>
    <type id="highway.stairs" priority="1" numLanes="1" speed="1.39" allow="pedestrian" oneway="1" width="2.00"/>
    <type id="highway.step" priority="1" numLanes="1" speed="1.39" allow="pedestrian" oneway="1" width="2.00"/>
    <type id="highway.steps" priority="1" numLanes="1" speed="1.39" allow="pedestrian" oneway="1" width="2.00"/>
    <type id="highway.tertiary" priority="10" numLanes="1" speed="22.22" disallow="tram rail_urban rail rail_electric rail_fast ship" oneway="0"/>
    <type id="highway.tertiary_link" priority="5" numLanes="1" speed="22.22" disallow="tram rail_urban rail rail_electric rail_fast ship" oneway="0"/>
    <type id="highway.track" priority="1" numLanes="1" speed="5.56" allow="pedestrian motorcycle moped bicycle" oneway="0"/>
    <type id="highway.trunk" priority="13" numLanes="2" speed="27.78" disallow="pedestrian bicycle tram rail_urban rail rail_electric rail_fast ship" oneway="0"/>
    <type id="highway.trunk_link" priority="8" numLanes="1" speed="22.22" disallow="pedestrian bicycle tram rail_urban rail rail_electric rail_fast ship" oneway="0"/>
    <type id="highway.unclassified" priority="4" numLanes="1" speed="13.89" disallow="tram rail_urban rail rail_electric rail_fast ship" oneway="0"/>
    <type id="highway.unsurfaced" priority="1" numLanes="1" speed="8.33" disallow="tram rail_urban rail rail_electric rail_fast ship" oneway="0"/>
    <type id="railway.highspeed" priority="21" numLanes="1" speed="69.44" allow="rail_fast" oneway="1"/>
    <type id="railway.light_rail" priority="19" numLanes="1" speed="27.78" allow="rail_urban" oneway="1"/>
    <type id="railway.preserved" priority="16" numLanes="1" speed="27.78" allow="rail" oneway="1"/>
    <type id="railway.rail" priority="20" numLanes="1" speed="44.44" allow="rail" oneway="1"/>
    <type id="railway.subway" priority="18" numLanes="1" speed="27.78" allow="rail_urban" oneway="1"/>
    <type id="railway.tram" priority="17" numLanes="1" speed="13.89" allow="tram" oneway="1"/>

    <edge id=":1822130276_0" function="internal">
        <lane id=":1822130276_0_0" index="0" disallow="tram rail_urban rail rail_electric rail_fast ship" speed="11.26" length="15.64" shape="215.77,142.57 212.27,142.74 208.76,141.88 205.26,140.01 201.75,137.11"/>
    </edge>
    <edge id=":1822130276_1" function="internal">
        <lane id=":1822130276_1_0" index="0" disallow="tram rail_urban rail rail_electric rail_fast ship" speed="13.89" length="18.49" shape="215.77,142.57 197.51,145.44"/>
    </edge>
    <edge id=":1822130276_2" function="internal">
        <lane id=":1822130276_2_0" index="0" disallow="tram rail_urban rail rail_electric rail_fast ship" speed="7.67" length="5.70" shape="215.77,142.57 211.74,143.97 210.73,144.98"/>
    </edge>
    <edge id=":1822130276_3" function="internal">
        <lane id=":1822130276_3_0" index="0" disallow="tram rail_urban rail rail_electric rail_fast ship" speed="3.65" length="2.34" shape="215.77,142.57 214.75,143.58 214.51,144.44"/>
    </edge>
    <edge id=":1822130276_15" function="internal">
        <lane id=":1822130276_15_0" index="0" disallow="tram rail_urban rail rail_electric rail_fast ship" speed="7.67" length="9.39" shape="210.73,144.98 209.42,146.28 208.83,149.50 209.96,153.62"/>
    </edge>
    <edge id=":1822130276_16" function="internal">
        <lane id=":1822130276_16_0" index="0" disallow="tram rail_urban rail rail_electric rail_fast ship" speed="3.65" length="2.34" shape="214.51,144.44 215.05,145.15 216.38,145.71"/>
    </edge>
    <edge id=":1822130276_4" function="internal">
        <lane id=":1822130276_4_0" index="0" disallow="tram rail_urban rail rail_electric rail_fast ship" speed="6.09" length="9.06" shape="212.89,152.35 212.21,149.87 212.57,147.94 213.96,146.55 216.38,145.71"/>
    </edge>
    <edge id=":1822130276_5" function="internal">
        <lane id=":1822130276_5_0" index="0" disallow="tram rail_urban rail rail_electric rail_fast ship" speed="13.89" length="18.95" shape="212.89,152.35 210.81,148.52 207.92,144.32 204.72,140.32 201.75,137.11"/>
    </edge>
    <edge id=":1822130276_6" function="internal">
        <lane id=":1822130276_6_0" index="0" disallow="tram rail_urban rail rail_electric rail_fast ship" speed="9.94" length="5.72" shape="212.89,152.35 210.50,149.39 208.86,148.40"/>
    </edge>
    <edge id=":1822130276_7" function="internal">
        <lane id=":1822130276_7_0" index="0" disallow="tram rail_urban rail rail_electric rail_fast ship" speed="3.65" length="2.47" shape="212.89,152.35 211.68,151.57 210.79,151.52 210.70,151.62"/>
    </edge>
    <edge id=":1822130276_17" function="internal">
        <lane id=":1822130276_17_0" index="0" disallow="tram rail_urban rail rail_electric rail_fast ship" speed="9.94" length="11.95" shape="208.86,148.40 206.60,147.04 202.01,145.62 197.51,145.44"/>
    </edge>
    <edge id=":1822130276_18" function="internal">
        <lane id=":1822130276_18_0" index="0" disallow="tram rail_urban rail rail_electric rail_fast ship" speed="3.65" length="2.20" shape="210.70,151.62 210.21,152.20 209.96,153.62"/>
    </edge>
    <edge id=":1822130276_8" function="internal">
        <lane id=":1822130276_8_0" index="0" disallow="tram rail_urban rail rail_electric rail_fast ship" speed="8.92" length="14.06" shape="197.92,148.62 202.17,148.47 205.60,149.26 208.19,150.98 209.96,153.62"/>
    </edge>
    <edge id=":1822130276_9" function="internal">
        <lane id=":1822130276_9_0" index="0" disallow="tram rail_urban rail rail_electric rail_fast ship" speed="13.89" length="18.69" shape="197.92,148.62 216.38,145.71"/>
    </edge>
    <edge id=":1822130276_10" function="internal">
        <lane id=":1822130276_10_0" index="0" disallow="tram rail_urban rail rail_electric rail_fast ship" speed="3.65" length="2.34" shape="197.92,148.62 199.01,147.67 199.30,146.82"/>
    </edge>
    <edge id=":1822130276_19" function="internal">
        <lane id=":1822130276_19_0" index="0" disallow="tram rail_urban rail rail_electric rail_fast ship" speed="3.65" length="2.34" shape="199.30,146.82 198.80,146.08 197.51,145.44"/>
    </edge>
    <edge id=":1822130276_11" function="internal">
        <lane id=":1822130276_11_0" index="0" disallow="tram rail_urban rail rail_electric rail_fast ship" speed="5.54" length="9.45" shape="199.52,139.40 201.36,141.69 201.63,143.46 200.35,144.71 197.51,145.44"/>
    </edge>
    <edge id=":1822130276_12" function="internal">
        <lane id=":1822130276_12_0" index="0" disallow="tram rail_urban rail rail_electric rail_fast ship" speed="13.89" length="17.72" shape="199.52,139.40 202.38,142.45 205.33,146.10 207.99,149.96 209.96,153.62"/>
    </edge>
    <edge id=":1822130276_13" function="internal">
        <lane id=":1822130276_13_0" index="0" disallow="tram rail_urban rail rail_electric rail_fast ship" speed="12.20" length="6.27" shape="199.52,139.40 203.28,142.19 204.72,142.88"/>
    </edge>
    <edge id=":1822130276_14" function="internal">
        <lane id=":1822130276_14_0" index="0" disallow="tram rail_urban rail rail_electric rail_fast ship" speed="3.65" length="2.34" shape="199.52,139.40 200.94,139.67 201.78,139.37"/>
    </edge>
    <edge id=":1822130276_20" function="internal">
        <lane id=":1822130276_20_0" index="0" disallow="tram rail_urban rail rail_electric rail_fast ship" speed="12.20" length="12.17" shape="204.72,142.88 207.87,144.37 212.50,145.64 216.38,145.71"/>
    </edge>
    <edge id=":1822130276_21" function="internal">
        <lane id=":1822130276_21_0" index="0" disallow="tram rail_urban rail rail_electric rail_fast ship" speed="3.65" length="2.34" shape="201.78,139.37 202.05,138.52 201.75,137.11"/>
    </edge>
    <edge id=":1822130676_0" function="internal">
        <lane id=":1822130676_0_0" index="0" disallow="tram rail_urban rail rail_electric rail_fast ship" speed="3.65" length="4.67" shape="-0.22,174.04 -1.30,175.00 -1.58,175.84 -1.08,176.58 0.22,177.21"/>
    </edge>
    <edge id=":1822131103_0" function="internal">
        <lane id=":1822131103_0_0" index="0" disallow="tram rail_urban rail rail_electric rail_fast ship" speed="3.65" length="4.67" shape="175.02,-0.25 174.04,-1.31 173.19,-1.58 172.46,-1.06 171.86,0.25"/>
    </edge>
    <edge id=":4023473443_0" function="internal">
        <lane id=":4023473443_0_0" index="0" disallow="tram rail_urban rail rail_electric rail_fast ship" speed="3.65" length="4.67" shape="244.44,326.16 245.43,327.21 246.28,327.47 247.00,326.95 247.59,325.63"/>
    </edge>
    <edge id=":42700394_0" function="internal">
        <lane id=":42700394_0_0" index="0" disallow="tram rail_urban rail rail_electric rail_fast ship" speed="3.65" length="4.67" shape="356.73,121.42 357.78,120.44 358.05,119.59 357.53,118.86 356.22,118.26"/>
    </edge>

    <edge id="-4625260" from="42700394" to="1822130276" name="Barker Street" priority="11" type="highway.secondary" shape="356.47,119.84 295.36,129.72 262.09,135.19 208.24,145.66">
        <lane id="-4625260_0" index="0" disallow="tram rail_urban rail rail_electric rail_fast ship" speed="13.89" length="142.54" shape="356.22,118.26 295.10,128.14 261.81,133.62 215.77,142.57">
            <param key="origId" value="4625260"/>
        </lane>
    </edge>
    <edge id="-4935035" from="4023473443" to="1822130276" name="Botany Street" priority="10" type="highway.tertiary" shape="246.02,325.89 238.32,279.84 236.65,269.84 231.08,238.54 218.95,170.29 208.24,145.66">
        <lane id="-4935035_0" index="0" disallow="tram rail_urban rail rail_electric rail_fast ship" speed="13.89" length="177.21" shape="247.59,325.63 239.90,279.57 238.23,269.56 232.66,238.26 220.49,169.83 212.89,152.35">
            <param key="origId" value="4935035"/>
        </lane>
    </edge>
    <edge id="-567906392" from="1822130276" to="1822131103" name="Botany Street" priority="10" type="highway.tertiary" shape="208.24,145.66 197.94,135.63 193.55,128.21 173.44,-0.00">
        <lane id="-567906392_0" index="0" disallow="tram rail_urban rail rail_electric rail_fast ship" speed="13.89" length="141.13" shape="201.75,137.11 199.21,134.64 195.08,127.66 175.02,-0.25">
            <param key="origId" value="567906392"/>
        </lane>
    </edge>
    <edge id="-567906393" from="1822130276" to="1822130676" name="Barker Street" priority="11" type="highway.secondary" shape="208.24,145.66 172.83,150.27 147.84,154.27 126.95,157.92 0.00,175.62">
        <lane id="-567906393_0" index="0" disallow="tram rail_urban rail rail_electric rail_fast ship" speed="13.89" length="199.80" shape="197.51,145.44 172.60,148.68 147.58,152.69 126.71,156.34 -0.22,174.04">
            <param key="origId" value="567906393 55687301"/>
        </lane>
    </edge>
    <edge id="4625260" from="1822130276" to="42700394" name="Barker Street" priority="11" type="highway.secondary" shape="208.24,145.66 262.09,135.19 295.36,129.72 356.47,119.84">
        <lane id="4625260_0" index="0" disallow="tram rail_urban rail rail_electric rail_fast ship" speed="13.89" length="142.44" shape="216.38,145.71 262.38,136.77 295.62,131.30 356.73,121.42">
            <param key="origId" value="4625260"/>
        </lane>
    </edge>
    <edge id="4935035" from="1822130276" to="4023473443" name="Botany Street" priority="10" type="highway.tertiary" shape="208.24,145.66 218.95,170.29 231.08,238.54 236.65,269.84 238.32,279.84 246.02,325.89">
        <lane id="4935035_0" index="0" disallow="tram rail_urban rail rail_electric rail_fast ship" speed="13.89" length="176.42" shape="209.96,153.62 217.41,170.76 229.51,238.82 235.07,270.11 236.74,280.10 244.44,326.16">
            <param key="origId" value="4935035"/>
        </lane>
    </edge>
    <edge id="55687301" from="1822130676" to="1822130276" name="Barker Street" priority="11" type="highway.secondary" shape="0.00,175.62 126.95,157.92 147.84,154.27 172.83,150.27 208.24,145.66">
        <lane id="55687301_0" index="0" disallow="tram rail_urban rail rail_electric rail_fast ship" speed="13.89" length="199.77" shape="0.22,177.21 127.20,159.50 148.11,155.85 173.06,151.85 197.92,148.62">
            <param key="origId" value="55687301 567906393"/>
        </lane>
    </edge>
    <edge id="567906392" from="1822131103" to="1822130276" name="Botany Street" priority="10" type="highway.tertiary" shape="173.44,-0.00 193.55,128.21 197.94,135.63 208.24,145.66">
        <lane id="567906392_0" index="0" disallow="tram rail_urban rail rail_electric rail_fast ship" speed="13.89" length="143.20" shape="171.86,0.25 192.02,128.77 196.67,136.63 199.52,139.40">
            <param key="origId" value="567906392"/>
        </lane>
    </edge>

    <tlLogic id="1822130276" type="actuated" programID="0" offset="0">
        <phase duration="42" state="GGggrrrrGGgrrrr" minDur="5" maxDur="50"/>
        <phase duration="3"  state="yyyyrrrryyyrrrr"/>
        <phase duration="42" state="rrrrGGggrrrGGgg" minDur="5" maxDur="50"/>
        <phase duration="3"  state="rrrryyyyrrryyyy"/>
    </tlLogic>

    <junction id="1822130276" type="traffic_light" x="208.24" y="145.66" incLanes="-4625260_0 -4935035_0 55687301_0 567906392_0" intLanes=":1822130276_0_0 :1822130276_1_0 :1822130276_15_0 :1822130276_16_0 :1822130276_4_0 :1822130276_5_0 :1822130276_17_0 :1822130276_18_0 :1822130276_8_0 :1822130276_9_0 :1822130276_19_0 :1822130276_11_0 :1822130276_12_0 :1822130276_20_0 :1822130276_21_0" shape="215.47,141.00 216.69,147.28 214.69,148.11 214.14,148.77 213.91,149.59 213.98,150.57 214.36,151.71 208.49,154.26 206.35,151.54 204.79,150.69 202.90,150.18 200.68,150.02 198.13,150.20 197.30,143.86 199.19,143.26 199.56,142.77 199.56,142.16 199.17,141.42 198.40,140.55 202.87,135.96 205.00,137.84 207.12,139.29 209.22,140.34 211.31,140.97 213.40,141.19">
        <request index="0"  response="000000000000000" foes="100000000100000" cont="0"/>
        <request index="1"  response="010000001000000" foes="011110001100000" cont="0"/>
        <request index="2"  response="010001101000000" foes="011001111100000" cont="1"/>
        <request index="3"  response="010001000010000" foes="010001000010000" cont="1"/>
        <request index="4"  response="000001000000000" foes="010001000001000" cont="0"/>
        <request index="5"  response="000001000000111" foes="110001000000111" cont="0"/>
        <request index="6"  response="001101000000110" foes="001111000000110" cont="1"/>
        <request index="7"  response="001000100000100" foes="001000100000100" cont="1"/>
        <request index="8"  response="000000000000000" foes="001000010000100" cont="0"/>
        <request index="9"  response="010000001000000" foes="011000001111100" cont="0"/>
        <request index="10" response="000100001000010" foes="000100001000010" cont="1"/>
        <request index="11" response="000000000000010" foes="000010001000010" cont="0"/>
        <request index="12" response="000001100000110" foes="000001111000110" cont="0"/>
        <request index="13" response="000001000110110" foes="000001000111110" cont="1"/>
        <request index="14" response="000000000100001" foes="000000000100001" cont="1"/>
    </junction>
    <junction id="1822130676" type="priority" x="0.00" y="175.62" incLanes="-567906393_0" intLanes=":1822130676_0_0" shape="0.00,175.62 -0.44,172.45 0.00,175.62">
        <request index="0" response="0" foes="0" cont="0"/>
    </junction>
    <junction id="1822131103" type="priority" x="173.44" y="-0.00" incLanes="-567906392_0" intLanes=":1822131103_0_0" shape="173.44,-0.00 176.60,-0.50 173.44,0.00">
        <request index="0" response="0" foes="0" cont="0"/>
    </junction>
    <junction id="4023473443" type="priority" x="246.02" y="325.89" incLanes="4935035_0" intLanes=":4023473443_0_0" shape="246.02,325.89 242.86,326.42 246.02,325.89">
        <request index="0" response="0" foes="0" cont="0"/>
    </junction>
    <junction id="42700394" type="priority" x="356.47" y="119.84" incLanes="4625260_0" intLanes=":42700394_0_0" shape="356.47,119.84 356.98,123.00 356.47,119.84">
        <request index="0" response="0" foes="0" cont="0"/>
    </junction>

    <junction id=":1822130276_15_0" type="internal" x="210.73" y="144.98" incLanes=":1822130276_2_0 55687301_0" intLanes=":1822130276_5_0 :1822130276_6_0 :1822130276_7_0 :1822130276_8_0 :1822130276_9_0 :1822130276_12_0 :1822130276_13_0"/>
    <junction id=":1822130276_16_0" type="internal" x="214.51" y="144.44" incLanes=":1822130276_3_0 -4935035_0 55687301_0 567906392_0" intLanes=":1822130276_4_0 :1822130276_9_0 :1822130276_13_0"/>
    <junction id=":1822130276_17_0" type="internal" x="208.86" y="148.40" incLanes=":1822130276_6_0 567906392_0" intLanes=":1822130276_1_0 :1822130276_2_0 :1822130276_9_0 :1822130276_10_0 :1822130276_11_0 :1822130276_12_0"/>
    <junction id=":1822130276_18_0" type="internal" x="210.70" y="151.62" incLanes=":1822130276_7_0 -4625260_0 55687301_0 567906392_0" intLanes=":1822130276_2_0 :1822130276_8_0 :1822130276_12_0"/>
    <junction id=":1822130276_19_0" type="internal" x="199.30" y="146.82" incLanes=":1822130276_10_0 -4625260_0 -4935035_0 567906392_0" intLanes=":1822130276_1_0 :1822130276_6_0 :1822130276_11_0"/>
    <junction id=":1822130276_20_0" type="internal" x="204.72" y="142.88" incLanes=":1822130276_13_0 -4935035_0" intLanes=":1822130276_1_0 :1822130276_2_0 :1822130276_3_0 :1822130276_4_0 :1822130276_5_0 :1822130276_9_0"/>
    <junction id=":1822130276_21_0" type="internal" x="201.78" y="139.37" incLanes=":1822130276_14_0 -4625260_0 -4935035_0" intLanes=":1822130276_0_0 :1822130276_5_0"/>

    <connection from="-4625260" to="-567906392" fromLane="0" toLane="0" via=":1822130276_0_0" tl="1822130276" linkIndex="0" dir="l" state="O"/>
    <connection from="-4625260" to="-567906393" fromLane="0" toLane="0" via=":1822130276_1_0" tl="1822130276" linkIndex="1" dir="s" state="O"/>
    <connection from="-4625260" to="4935035" fromLane="0" toLane="0" via=":1822130276_2_0" tl="1822130276" linkIndex="2" dir="r" state="o"/>
    <connection from="-4625260" to="4625260" fromLane="0" toLane="0" via=":1822130276_3_0" tl="1822130276" linkIndex="3" dir="T" state="o"/>
    <connection from="-4935035" to="4625260" fromLane="0" toLane="0" via=":1822130276_4_0" tl="1822130276" linkIndex="4" dir="l" state="o"/>
    <connection from="-4935035" to="-567906392" fromLane="0" toLane="0" via=":1822130276_5_0" tl="1822130276" linkIndex="5" dir="s" state="o"/>
    <connection from="-4935035" to="-567906393" fromLane="0" toLane="0" via=":1822130276_6_0" tl="1822130276" linkIndex="6" dir="r" state="o"/>
    <connection from="-4935035" to="4935035" fromLane="0" toLane="0" via=":1822130276_7_0" tl="1822130276" linkIndex="7" dir="T" state="o"/>
    <connection from="-567906392" to="567906392" fromLane="0" toLane="0" via=":1822131103_0_0" dir="T" state="M"/>
    <connection from="-567906393" to="55687301" fromLane="0" toLane="0" via=":1822130676_0_0" dir="T" state="M"/>
    <connection from="4625260" to="-4625260" fromLane="0" toLane="0" via=":42700394_0_0" dir="T" state="M"/>
    <connection from="4935035" to="-4935035" fromLane="0" toLane="0" via=":4023473443_0_0" dir="T" state="M"/>
    <connection from="55687301" to="4935035" fromLane="0" toLane="0" via=":1822130276_8_0" tl="1822130276" linkIndex="8" dir="l" state="O"/>
    <connection from="55687301" to="4625260" fromLane="0" toLane="0" via=":1822130276_9_0" tl="1822130276" linkIndex="9" dir="s" state="O"/>
    <connection from="55687301" to="-567906393" fromLane="0" toLane="0" via=":1822130276_10_0" tl="1822130276" linkIndex="10" dir="T" state="o"/>
    <connection from="567906392" to="-567906393" fromLane="0" toLane="0" via=":1822130276_11_0" tl="1822130276" linkIndex="11" dir="l" state="o"/>
    <connection from="567906392" to="4935035" fromLane="0" toLane="0" via=":1822130276_12_0" tl="1822130276" linkIndex="12" dir="s" state="o"/>
    <connection from="567906392" to="4625260" fromLane="0" toLane="0" via=":1822130276_13_0" tl="1822130276" linkIndex="13" dir="r" state="o"/>
    <connection from="567906392" to="-567906392" fromLane="0" toLane="0" via=":1822130276_14_0" tl="1822130276" linkIndex="14" dir="T" state="o"/>

    <connection from=":1822130276_0" to="-567906392" fromLane="0" toLane="0" dir="l" state="M"/>
    <connection from=":1822130276_1" to="-567906393" fromLane="0" toLane="0" dir="s" state="M"/>
    <connection from=":1822130276_2" to="4935035" fromLane="0" toLane="0" via=":1822130276_15_0" dir="r" state="m"/>
    <connection from=":1822130276_15" to="4935035" fromLane="0" toLane="0" dir="r" state="M"/>
    <connection from=":1822130276_3" to="4625260" fromLane="0" toLane="0" via=":1822130276_16_0" dir="T" state="m"/>
    <connection from=":1822130276_16" to="4625260" fromLane="0" toLane="0" dir="T" state="M"/>
    <connection from=":1822130276_4" to="4625260" fromLane="0" toLane="0" dir="l" state="M"/>
    <connection from=":1822130276_5" to="-567906392" fromLane="0" toLane="0" dir="s" state="M"/>
    <connection from=":1822130276_6" to="-567906393" fromLane="0" toLane="0" via=":1822130276_17_0" dir="r" state="m"/>
    <connection from=":1822130276_17" to="-567906393" fromLane="0" toLane="0" dir="r" state="M"/>
    <connection from=":1822130276_7" to="4935035" fromLane="0" toLane="0" via=":1822130276_18_0" dir="T" state="m"/>
    <connection from=":1822130276_18" to="4935035" fromLane="0" toLane="0" dir="T" state="M"/>
    <connection from=":1822130276_8" to="4935035" fromLane="0" toLane="0" dir="l" state="M"/>
    <connection from=":1822130276_9" to="4625260" fromLane="0" toLane="0" dir="s" state="M"/>
    <connection from=":1822130276_10" to="-567906393" fromLane="0" toLane="0" via=":1822130276_19_0" dir="T" state="m"/>
    <connection from=":1822130276_19" to="-567906393" fromLane="0" toLane="0" dir="T" state="M"/>
    <connection from=":1822130276_11" to="-567906393" fromLane="0" toLane="0" dir="l" state="M"/>
    <connection from=":1822130276_12" to="4935035" fromLane="0" toLane="0" dir="s" state="M"/>
    <connection from=":1822130276_13" to="4625260" fromLane="0" toLane="0" via=":1822130276_20_0" dir="r" state="m"/>
    <connection from=":1822130276_20" to="4625260" fromLane="0" toLane="0" dir="r" state="M"/>
    <connection from=":1822130276_14" to="-567906392" fromLane="0" toLane="0" via=":1822130276_21_0" dir="T" state="m"/>
    <connection from=":1822130276_21" to="-567906392" fromLane="0" toLane="0" dir="T" state="M"/>
    <connection from=":1822130676_0" to="55687301" fromLane="0" toLane="0" dir="T" state="M"/>
    <connection from=":1822131103_0" to="567906392" fromLane="0" toLane="0" dir="T" state="M"/>
    <connection from=":4023473443_0" to="-4935035" fromLane="0" toLane="0" dir="T" state="M"/>
    <connection from=":42700394_0" to="-4625260" fromLane="0" toLane="0" dir="T" state="M"/>

</net>
