<?xml version="1.0" encoding="UTF-8"?>
<osm version="0.6" generator="Overpass API 0.7.56.9 76e5016d">
<note>The data included in this document is from www.openstreetmap.org. The data is made available under ODbL.</note>
<meta osm_base="2021-10-20T15:02:29Z"/>

  <node id="42700394" lat="-33.9209195" lon="151.2371311"/>
  <node id="1822130265" lat="-33.9208188" lon="151.2353709"/>
  <node id="1822130276" lat="-33.9206638" lon="151.2355330">
    <tag k="highway" v="traffic_signals"/>
  </node>
  <node id="1822130408" lat="-33.9206168" lon="151.2351510"/>
  <node id="1822130651" lat="-33.9207526" lon="151.2354198"/>
  <node id="1822130676" lat="-33.9203614" lon="151.2332868"/>
  <node id="1822130705" lat="-33.9198301" lon="151.2357973"/>
  <node id="1822130839" lat="-33.9205407" lon="151.2346563"/>
  <node id="1822130887" lat="-33.9195488" lon="151.2358633"/>
  <node id="1822130929" lat="-33.9208210" lon="151.2364721"/>
  <node id="1822131029" lat="-33.9205768" lon="151.2348815"/>
  <node id="1822131093" lat="-33.9207665" lon="151.2361134"/>
  <node id="1822131103" lat="-33.9219715" lon="151.2351296"/>
  <node id="1839046588" lat="-33.9223750" lon="151.2355799"/>
  <node id="1839046599" lat="-33.9224421" lon="151.2360817"/>
  <node id="1839046609" lat="-33.9232702" lon="151.2353973"/>
  <node id="2982121738" lat="-33.9204344" lon="151.2357302">
    <tag k="highway" v="bus_stop"/>
    <tag k="name" v="Randwick, Botany Street nr Barker Street"/>
    <tag k="ref" v="203120"/>
    <tag k="shelter" v="yes"/>
    <tag k="source" v="survey"/>
  </node>
  <node id="2982226053" lat="-33.9204434" lon="151.2356534"/>
  <node id="4023473443" lat="-33.9190449" lon="151.2359750"/>
  <node id="5017253814" lat="-33.9208928" lon="151.2356361">
    <tag k="amenity" v="fuel"/>
    <tag k="name" v="7-Eleven"/>
  </node>
  <node id="5017253815" lat="-33.9204722" lon="151.2357863">
    <tag k="amenity" v="restaurant"/>
    <tag k="brand" v="Pizza Hut"/>
    <tag k="brand:wikidata" v="Q191615"/>
    <tag k="brand:wikipedia" v="en:Pizza Hut"/>
    <tag k="cuisine" v="pizza"/>
    <tag k="delivery" v="yes"/>
    <tag k="name" v="Pizza Hut"/>
  </node>
  <node id="5858561956" lat="-33.9194589" lon="151.2358832"/>
  <node id="6375128670" lat="-33.9225541" lon="151.2361718"/>
  <node id="6375128671" lat="-33.9227023" lon="151.2371926"/>
  <node id="6404069942" lat="-33.9208355" lon="151.2359430"/>
  <node id="6404069943" lat="-33.9210447" lon="151.2358948"/>
  <node id="6404069944" lat="-33.9210529" lon="151.2359422"/>
  <node id="6404069945" lat="-33.9208438" lon="151.2359904"/>
  <node id="6404069946" lat="-33.9208253" lon="151.2358779"/>
  <node id="6404069947" lat="-33.9210301" lon="151.2358293"/>
  <node id="6404069948" lat="-33.9210394" lon="151.2358861"/>
  <node id="6404069949" lat="-33.9208346" lon="151.2359348"/>
  <node id="6404069950" lat="-33.9209017" lon="151.2356640"/>
  <node id="6404069951" lat="-33.9210698" lon="151.2356291"/>
  <node id="6404069952" lat="-33.9210725" lon="151.2356481"/>
  <node id="6404069953" lat="-33.9210915" lon="151.2356442"/>
  <node id="6404069954" lat="-33.9210954" lon="151.2356716"/>
  <node id="6404069955" lat="-33.9211213" lon="151.2356663"/>
  <node id="6404069956" lat="-33.9211283" lon="151.2357157"/>
  <node id="6404069957" lat="-33.9211418" lon="151.2357129"/>
  <node id="6404069958" lat="-33.9211536" lon="151.2357951"/>
  <node id="6404069959" lat="-33.9209271" lon="151.2358421"/>
  <node id="6404069960" lat="-33.9208963" lon="151.2354867"/>
  <node id="6404069961" lat="-33.9209925" lon="151.2354646"/>
  <node id="6404069962" lat="-33.9210145" lon="151.2356036"/>
  <node id="6404069963" lat="-33.9209183" lon="151.2356257"/>
  <node id="6419903629" lat="-33.9204529" lon="151.2330570"/>
  <node id="6419903631" lat="-33.9222910" lon="151.2367928"/>
  <node id="6419903632" lat="-33.9196547" lon="151.2273433"/>
  <node id="6419903633" lat="-33.9240970" lon="151.2286198"/>
  <node id="6419903634" lat="-33.9231905" lon="151.2347963"/>
  <node id="6419903636" lat="-33.9199944" lon="151.2298115"/>
  <node id="6419903637" lat="-33.9248804" lon="151.2344134"/>
  <node id="6419903639" lat="-33.9237144" lon="151.2286681"/>
  <node id="6419903640" lat="-33.9224992" lon="151.2284964"/>
  <node id="6419903641" lat="-33.9226260" lon="151.2277877"/>
  <node id="8012832203" lat="-33.9206106" lon="151.2357569">
    <tag k="addr:housenumber" v="131"/>
    <tag k="addr:postcode" v="2031"/>
    <tag k="addr:state" v="NSW"/>
    <tag k="addr:street" v="Botany Street"/>
    <tag k="addr:suburb" v="Randwick"/>
    <tag k="air_conditioning" v="yes"/>
    <tag k="description" v="Quality Blinds is a family owned and operated business since 1990. We offer the highest quality products and services in the supply, installation, cleaning, repairs and maintenance of all shade solutions ranging from window blinds to curtains to awnings a"/>
    <tag k="email" v="info@qualityblinds.com.au"/>
    <tag k="image" v="https://qualityblinds.com.au/wp-content/uploads/2020/04/roller_blinds_06-1.jpg"/>
    <tag k="name" v="Quality Blinds"/>
    <tag k="office" v="company"/>
    <tag k="opening_hours" v="Mo-Fr 09:00-17:00"/>
    <tag k="phone" v="+61 02 9340 5050"/>
    <tag k="product" v="blinds;curtains;roller blinds;venetian blinds;shutters;sails"/>
    <tag k="website" v="https://qualityblinds.com.au"/>
  </node>
  <node id="9020948323" lat="-33.9184561" lon="151.2321873"/>
  <node id="9020948324" lat="-33.9200748" lon="151.2318622"/>
  <node id="9020948325" lat="-33.9205629" lon="151.2354846"/>
  <node id="9020948326" lat="-33.9203188" lon="151.2356136"/>
  <node id="9020948327" lat="-33.9190685" lon="151.2358871"/>
  <node id="9020948328" lat="-33.9190899" lon="151.2361039"/>
  <node id="9020948329" lat="-33.9204087" lon="151.2358252"/>
  <node id="9020948330" lat="-33.9204773" lon="151.2362329"/>
  <node id="9020948331" lat="-33.9206528" lon="151.2361864"/>
  <node id="9020948332" lat="-33.9208027" lon="151.2370533"/>
  <node id="9020948333" lat="-33.9192954" lon="151.2373836"/>
  <node id="9020948334" lat="-33.9207661" lon="151.2353016"/>
  <node id="9020948335" lat="-33.9211161" lon="151.2351998"/>
  <node id="9020948336" lat="-33.9214086" lon="151.2369506"/>
  <node id="9020948337" lat="-33.9223732" lon="151.2372791"/>
  <way id="4625260">
    <nd ref="1822130276"/>
    <nd ref="1822131093"/>
    <nd ref="1822130929"/>
    <nd ref="42700394"/>
    <tag k="highway" v="secondary"/>
    <tag k="maxspeed" v="50"/>
    <tag k="name" v="Barker Street"/>
    <tag k="surface" v="asphalt"/>
  </way>
  <way id="4935035">
    <nd ref="1822130276"/>
    <nd ref="2982226053"/>
    <nd ref="1822130705"/>
    <nd ref="1822130887"/>
    <nd ref="5858561956"/>
    <nd ref="4023473443"/>
    <tag k="highway" v="tertiary"/>
    <tag k="maxspeed" v="50"/>
    <tag k="name" v="Botany Street"/>
    <tag k="surface" v="paved"/>
  </way>
  <way id="55687301">
    <nd ref="1822130676"/>
    <nd ref="1822130839"/>
    <nd ref="1822131029"/>
    <nd ref="1822130408"/>
    <tag k="highway" v="secondary"/>
    <tag k="lanes" v="2"/>
    <tag k="maxspeed" v="50"/>
    <tag k="name" v="Barker Street"/>
    <tag k="surface" v="asphalt"/>
  </way>
  <way id="567906392">
    <nd ref="1822131103"/>
    <nd ref="1822130265"/>
    <nd ref="1822130651"/>
    <nd ref="1822130276"/>
    <tag k="highway" v="tertiary"/>
    <tag k="maxspeed" v="50"/>
    <tag k="name" v="Botany Street"/>
    <tag k="surface" v="paved"/>
  </way>
  <way id="567906393">
    <nd ref="1822130408"/>
    <nd ref="1822130276"/>
    <tag k="highway" v="secondary"/>
    <tag k="maxspeed" v="50"/>
    <tag k="name" v="Barker Street"/>
    <tag k="surface" v="asphalt"/>
  </way>
  <way id="683692638">
    <nd ref="6404069942"/>
    <nd ref="6404069943"/>
    <nd ref="6404069944"/>
    <nd ref="6404069945"/>
    <nd ref="6404069942"/>
    <tag k="addr:housenumber" v="134"/>
    <tag k="addr:postcode" v="2031"/>
    <tag k="addr:state" v="NSW"/>
    <tag k="addr:street" v="Barker Street"/>
    <tag k="addr:suburb" v="Randwick"/>
    <tag k="building" v="house"/>
    <tag k="building:levels" v="1"/>
  </way>
  <way id="683692639">
    <nd ref="6404069946"/>
    <nd ref="6404069947"/>
    <nd ref="6404069948"/>
    <nd ref="6404069949"/>
    <nd ref="6404069946"/>
    <tag k="addr:housenumber" v="132"/>
    <tag k="addr:postcode" v="2031"/>
    <tag k="addr:state" v="NSW"/>
    <tag k="addr:street" v="Barker Street"/>
    <tag k="addr:suburb" v="Randwick"/>
    <tag k="building" v="house"/>
    <tag k="building:levels" v="1"/>
  </way>
  <way id="683692640">
    <nd ref="6404069950"/>
    <nd ref="6404069951"/>
    <nd ref="6404069952"/>
    <nd ref="6404069953"/>
    <nd ref="6404069954"/>
    <nd ref="6404069955"/>
    <nd ref="6404069956"/>
    <nd ref="6404069957"/>
    <nd ref="6404069958"/>
    <nd ref="6404069959"/>
    <nd ref="6404069950"/>
    <tag k="addr:housenumber" v="130"/>
    <tag k="addr:postcode" v="2031"/>
    <tag k="addr:state" v="NSW"/>
    <tag k="addr:street" v="Barker Street"/>
    <tag k="addr:suburb" v="Randwick"/>
    <tag k="building" v="commercial"/>
    <tag k="building:levels" v="1"/>
  </way>
  <way id="683692641">
    <nd ref="6404069960"/>
    <nd ref="6404069961"/>
    <nd ref="6404069962"/>
    <nd ref="6404069963"/>
    <nd ref="6404069960"/>
    <tag k="building" v="roof"/>
  </way>
  <way id="685151009">
    <nd ref="6419903633"/>
    <nd ref="6419903637"/>
    <nd ref="6419903634"/>
    <nd ref="1839046609"/>
    <nd ref="1839046588"/>
    <nd ref="1839046599"/>
    <nd ref="6375128670"/>
    <nd ref="6375128671"/>
    <nd ref="9020948337"/>
    <nd ref="6419903631"/>
    <nd ref="9020948336"/>
    <nd ref="9020948335"/>
    <nd ref="9020948334"/>
    <nd ref="6419903629"/>
    <nd ref="6419903636"/>
    <nd ref="6419903632"/>
    <nd ref="6419903641"/>
    <nd ref="6419903640"/>
    <nd ref="6419903639"/>
    <nd ref="6419903633"/>
    <tag k="landuse" v="residential"/>
  </way>
  <way id="974786210">
    <nd ref="9020948323"/>
    <nd ref="9020948324"/>
    <nd ref="9020948325"/>
    <nd ref="9020948326"/>
    <nd ref="9020948327"/>
    <nd ref="9020948323"/>
    <tag k="landuse" v="residential"/>
  </way>
  <way id="974786211">
    <nd ref="9020948328"/>
    <nd ref="9020948329"/>
    <nd ref="9020948330"/>
    <nd ref="9020948331"/>
    <nd ref="9020948332"/>
    <nd ref="9020948333"/>
    <nd ref="9020948328"/>
    <tag k="landuse" v="residential"/>
  </way>
  <relation id="3341773">
    <member type="way" ref="172613121" role=""/>
    <member type="way" ref="426559543" role=""/>
    <member type="way" ref="172613120" role=""/>
    <member type="way" ref="172613122" role=""/>
    <member type="way" ref="4332131" role=""/>
    <member type="way" ref="603158296" role=""/>
    <member type="way" ref="247678259" role=""/>
    <member type="way" ref="818226307" role=""/>
    <member type="way" ref="818226305" role=""/>
    <member type="way" ref="603158295" role=""/>
    <member type="way" ref="384496553" role=""/>
    <member type="way" ref="529141821" role=""/>
    <member type="way" ref="818226300" role=""/>
    <member type="way" ref="603158298" role=""/>
    <member type="way" ref="247980103" role=""/>
    <member type="way" ref="172634507" role=""/>
    <member type="way" ref="247678256" role=""/>
    <member type="way" ref="824153323" role=""/>
    <member type="way" ref="824153322" role=""/>
    <member type="way" ref="824153321" role=""/>
    <member type="way" ref="583628076" role=""/>
    <member type="way" ref="824153319" role=""/>
    <member type="way" ref="603158299" role=""/>
    <member type="way" ref="529140755" role=""/>
    <member type="way" ref="247680789" role=""/>
    <member type="way" ref="824153324" role=""/>
    <member type="way" ref="504335708" role=""/>
    <member type="way" ref="224576119" role=""/>
    <member type="way" ref="603163631" role=""/>
    <member type="way" ref="603163635" role=""/>
    <member type="way" ref="603163632" role=""/>
    <member type="way" ref="603163622" role=""/>
    <member type="way" ref="603163636" role=""/>
    <member type="way" ref="529156808" role=""/>
    <member type="way" ref="672905147" role=""/>
    <member type="way" ref="247956389" role=""/>
    <member type="way" ref="169911706" role=""/>
    <member type="way" ref="576866506" role=""/>
    <member type="way" ref="672905153" role=""/>
    <member type="way" ref="672905164" role=""/>
    <member type="way" ref="153510456" role=""/>
    <member type="way" ref="411198557" role=""/>
    <member type="way" ref="411198556" role=""/>
    <member type="way" ref="411017205" role=""/>
    <member type="way" ref="172425691" role=""/>
    <member type="way" ref="806273098" role=""/>
    <member type="way" ref="175969864" role=""/>
    <member type="way" ref="824153327" role=""/>
    <member type="way" ref="928264241" role=""/>
    <member type="way" ref="47520056" role=""/>
    <member type="way" ref="824153329" role=""/>
    <member type="way" ref="574307842" role=""/>
    <member type="way" ref="78088601" role=""/>
    <member type="way" ref="175015967" role=""/>
    <member type="way" ref="175015968" role=""/>
    <member type="way" ref="928264236" role=""/>
    <member type="way" ref="3912720" role=""/>
    <member type="way" ref="824153326" role=""/>
    <member type="way" ref="426559537" role=""/>
    <member type="way" ref="824153325" role=""/>
    <member type="way" ref="292330297" role=""/>
    <member type="way" ref="292330296" role=""/>
    <member type="way" ref="166434507" role=""/>
    <member type="way" ref="241059252" role=""/>
    <member type="way" ref="172468994" role=""/>
    <member type="way" ref="574307847" role=""/>
    <member type="way" ref="671588866" role=""/>
    <member type="way" ref="574289993" role=""/>
    <member type="way" ref="178411569" role=""/>
    <member type="way" ref="574289992" role=""/>
    <member type="way" ref="241059253" role=""/>
    <member type="way" ref="175777712" role=""/>
    <member type="way" ref="574620586" role=""/>
    <member type="way" ref="574620580" role=""/>
    <member type="way" ref="47026150" role=""/>
    <member type="way" ref="574620583" role=""/>
    <member type="way" ref="173561297" role=""/>
    <member type="way" ref="338613725" role=""/>
    <member type="way" ref="175972891" role=""/>
    <member type="way" ref="286361145" role=""/>
    <member type="way" ref="301587278" role=""/>
    <member type="way" ref="301587284" role=""/>
    <member type="way" ref="49090126" role=""/>
    <member type="way" ref="37783940" role=""/>
    <member type="way" ref="172985285" role=""/>
    <member type="way" ref="383144291" role=""/>
    <member type="way" ref="34102547" role=""/>
    <member type="way" ref="948578217" role=""/>
    <member type="way" ref="35205753" role=""/>
    <member type="way" ref="171382188" role=""/>
    <member type="way" ref="171277768" role=""/>
    <member type="way" ref="185267924" role=""/>
    <member type="way" ref="757542860" role=""/>
    <member type="way" ref="757542861" role=""/>
    <member type="way" ref="174405627" role=""/>
    <member type="way" ref="34207087" role=""/>
    <member type="way" ref="333521825" role=""/>
    <member type="way" ref="3190084" role=""/>
    <member type="way" ref="349676672" role=""/>
    <member type="way" ref="380458009" role=""/>
    <member type="way" ref="845539026" role=""/>
    <member type="way" ref="756564600" role=""/>
    <member type="way" ref="194616034" role=""/>
    <member type="way" ref="791790681" role=""/>
    <member type="way" ref="35154880" role=""/>
    <member type="way" ref="521118545" role=""/>
    <member type="way" ref="5151635" role=""/>
    <member type="way" ref="440882189" role=""/>
    <member type="way" ref="252129995" role=""/>
    <member type="way" ref="793060188" role=""/>
    <member type="way" ref="791559305" role=""/>
    <member type="way" ref="172388817" role=""/>
    <member type="way" ref="595751687" role=""/>
    <member type="way" ref="595751686" role=""/>
    <member type="way" ref="3093948" role=""/>
    <member type="way" ref="84735729" role=""/>
    <member type="way" ref="35154888" role=""/>
    <member type="way" ref="173567611" role=""/>
    <member type="way" ref="171685461" role=""/>
    <member type="way" ref="171382180" role=""/>
    <member type="way" ref="49090123" role=""/>
    <member type="way" ref="171382177" role=""/>
    <member type="way" ref="49090120" role=""/>
    <member type="way" ref="574570608" role=""/>
    <member type="way" ref="574570621" role=""/>
    <member type="way" ref="171382186" role=""/>
    <member type="way" ref="35205761" role=""/>
    <member type="way" ref="35205755" role=""/>
    <member type="way" ref="10205952" role=""/>
    <member type="way" ref="247981350" role=""/>
    <member type="way" ref="712430672" role=""/>
    <member type="way" ref="169172920" role=""/>
    <member type="way" ref="574570631" role=""/>
    <member type="way" ref="574570639" role=""/>
    <member type="way" ref="251111269" role=""/>
    <member type="way" ref="574570625" role=""/>
    <member type="way" ref="384217847" role=""/>
    <member type="way" ref="172760924" role="backward"/>
    <member type="way" ref="183691274" role=""/>
    <member type="way" ref="556923707" role=""/>
    <member type="way" ref="556923707" role="backward"/>
    <member type="way" ref="694202525" role=""/>
    <member type="way" ref="252114526" role=""/>
    <member type="way" ref="47134529" role=""/>
    <member type="way" ref="3743124" role=""/>
    <member type="way" ref="787331003" role=""/>
    <member type="way" ref="3743121" role=""/>
    <member type="way" ref="47134531" role=""/>
    <member type="way" ref="567899642" role=""/>
    <member type="way" ref="225731404" role=""/>
    <member type="way" ref="771914124" role=""/>
    <member type="way" ref="171136030" role=""/>
    <member type="way" ref="771914123" role=""/>
    <member type="way" ref="47134527" role=""/>
    <member type="way" ref="47134533" role=""/>
    <member type="way" ref="173574126" role=""/>
    <member type="way" ref="175260616" role=""/>
    <member type="way" ref="307247679" role=""/>
    <member type="way" ref="173574128" role=""/>
    <member type="way" ref="307247678" role=""/>
    <member type="way" ref="286361142" role=""/>
    <member type="way" ref="286361143" role=""/>
    <member type="way" ref="792199035" role=""/>
    <member type="way" ref="286361144" role=""/>
    <member type="way" ref="528434019" role=""/>
    <member type="way" ref="173575911" role=""/>
    <member type="way" ref="173575906" role=""/>
    <member type="way" ref="173575910" role=""/>
    <member type="way" ref="173575908" role=""/>
    <member type="way" ref="174600387" role=""/>
    <member type="way" ref="173575913" role=""/>
    <member type="way" ref="173610874" role=""/>
    <member type="way" ref="247981348" role=""/>
    <member type="way" ref="804153687" role=""/>
    <member type="way" ref="220553495" role=""/>
    <member type="way" ref="796700885" role="backward"/>
    <member type="way" ref="796700884" role="backward"/>
    <member type="way" ref="796700886" role="backward"/>
    <member type="way" ref="796700879" role="backward"/>
    <member type="way" ref="796700882" role="forward"/>
    <member type="way" ref="796700875" role="forward"/>
    <member type="way" ref="823586801" role="forward"/>
    <member type="way" ref="307247677" role=""/>
    <member type="way" ref="82022380" role=""/>
    <member type="way" ref="252129994" role=""/>
    <member type="way" ref="529156808" role=""/>
    <member type="way" ref="172678187" role="forward"/>
    <member type="way" ref="4625251" role="backward"/>
    <member type="way" ref="407606342" role=""/>
    <member type="way" ref="407606354" role=""/>
    <member type="way" ref="574570635" role=""/>
    <member type="way" ref="574570628" role=""/>
    <member type="way" ref="235325812" role=""/>
    <member type="way" ref="712447768" role=""/>
    <member type="way" ref="260995435" role="forward"/>
    <member type="way" ref="169390648" role="forward"/>
    <member type="way" ref="857730312" role="forward"/>
    <member type="way" ref="407606340" role="forward"/>
    <member type="way" ref="4935033" role="forward"/>
    <member type="way" ref="45228720" role="forward"/>
    <member type="way" ref="836118843" role="forward"/>
    <member type="way" ref="836118841" role="forward"/>
    <member type="way" ref="45228705" role="forward"/>
    <member type="way" ref="383957388" role="forward"/>
    <member type="way" ref="261017109" role=""/>
    <member type="way" ref="172388818" role=""/>
    <member type="way" ref="170061872" role="forward"/>
    <member type="way" ref="170061873" role="forward"/>
    <member type="way" ref="171136038" role="forward"/>
    <member type="way" ref="55687301" role="forward"/>
    <member type="way" ref="567906393" role="forward"/>
    <member type="way" ref="4935035" role="forward"/>
    <member type="way" ref="440882200" role=""/>
    <member type="way" ref="49101537" role=""/>
    <member type="way" ref="171685451" role=""/>
    <tag k="from" v="Leichhardt Marketplace"/>
    <tag k="name" v="370"/>
    <tag k="network" v="TNSW - Sydney Buses"/>
    <tag k="operator" v="State Transit"/>
    <tag k="public_transport:version" v="1"/>
    <tag k="ref" v="370"/>
    <tag k="route" v="bus"/>
    <tag k="to" v="Coogee"/>
    <tag k="type" v="route"/>
  </relation>
  <relation id="3501746">
    <member type="way" ref="5694337" role=""/>
    <member type="way" ref="171382182" role=""/>
    <member type="way" ref="5685319" role=""/>
    <member type="way" ref="5685326" role=""/>
    <member type="way" ref="37253400" role=""/>
    <member type="way" ref="882608220" role=""/>
    <member type="way" ref="600500162" role=""/>
    <member type="way" ref="882608218" role=""/>
    <member type="way" ref="19021249" role=""/>
    <member type="way" ref="171556368" role=""/>
    <member type="way" ref="49101605" role=""/>
    <member type="way" ref="628807070" role=""/>
    <member type="way" ref="4875523" role=""/>
    <member type="way" ref="47126703" role=""/>
    <member type="way" ref="5686396" role=""/>
    <member type="way" ref="13594949" role=""/>
    <member type="way" ref="567906392" role=""/>
    <member type="way" ref="4935035" role=""/>
    <member type="way" ref="399871591" role=""/>
    <member type="way" ref="170061873" role=""/>
    <member type="way" ref="608063379" role=""/>
    <member type="way" ref="699406409" role=""/>
    <member type="way" ref="166195017" role=""/>
    <member type="way" ref="989850302" role=""/>
    <member type="way" ref="971983509" role=""/>
    <member type="way" ref="971983508" role=""/>
    <member type="way" ref="5925319" role=""/>
    <member type="way" ref="173078538" role=""/>
    <member type="way" ref="173078537" role=""/>
    <member type="way" ref="891903361" role=""/>
    <member type="way" ref="172766800" role=""/>
    <member type="way" ref="5766130" role=""/>
    <member type="way" ref="47172796" role=""/>
    <member type="way" ref="170061872" role=""/>
    <member type="way" ref="610229327" role=""/>
    <member type="way" ref="252126874" role=""/>
    <member type="way" ref="174746597" role=""/>
    <member type="way" ref="174746599" role=""/>
    <member type="way" ref="802074259" role=""/>
    <member type="way" ref="4934825" role=""/>
    <member type="way" ref="166195019" role=""/>
    <member type="way" ref="4331665" role=""/>
    <member type="way" ref="47129755" role=""/>
    <member type="way" ref="47129754" role=""/>
    <member type="way" ref="35205761" role=""/>
    <member type="way" ref="244017033" role=""/>
    <member type="way" ref="83639284" role=""/>
    <member type="way" ref="394549009" role=""/>
    <member type="way" ref="394549010" role=""/>
    <member type="way" ref="47129752" role=""/>
    <member type="way" ref="170169213" role=""/>
    <member type="way" ref="394549011" role=""/>
    <member type="way" ref="4934876" role=""/>
    <member type="way" ref="182546228" role=""/>
    <member type="way" ref="882608216" role=""/>
    <member type="way" ref="882608217" role=""/>
    <member type="way" ref="242581226" role=""/>
    <member type="way" ref="4934824" role=""/>
    <member type="way" ref="295062004" role=""/>
    <member type="way" ref="34927929" role=""/>
    <member type="way" ref="441637897" role=""/>
    <member type="way" ref="168813621" role=""/>
    <member type="way" ref="242581224" role=""/>
    <member type="way" ref="295316830" role=""/>
    <member type="way" ref="4934866" role=""/>
    <member type="way" ref="242581220" role=""/>
    <tag k="name" v="Kensington local routes"/>
    <tag k="network" v="lcn"/>
    <tag k="ref" v="Kenso"/>
    <tag k="route" v="bicycle"/>
    <tag k="type" v="route"/>
  </relation>
  <relation id="3694935">
    <member type="node" ref="14698343" role="label"/>
    <member type="way" ref="384303404" role="outer"/>
    <member type="way" ref="23730966" role="outer"/>
    <member type="way" ref="252128405" role="outer"/>
    <member type="way" ref="246435270" role="outer"/>
    <member type="way" ref="383584032" role="outer"/>
    <member type="way" ref="383584029" role="outer"/>
    <member type="way" ref="246435272" role="outer"/>
    <member type="way" ref="383503988" role="outer"/>
    <member type="way" ref="383503987" role="outer"/>
    <member type="way" ref="172961233" role="outer"/>
    <member type="way" ref="383503985" role="outer"/>
    <member type="way" ref="202405181" role="outer"/>
    <member type="way" ref="3996470" role="outer"/>
    <member type="way" ref="787331002" role="outer"/>
    <member type="way" ref="787331001" role="outer"/>
    <member type="way" ref="252134913" role="outer"/>
    <member type="way" ref="8111417" role="outer"/>
    <member type="way" ref="197730946" role="outer"/>
    <member type="way" ref="8111419" role="outer"/>
    <member type="way" ref="383503992" role="outer"/>
    <member type="way" ref="19259133" role="outer"/>
    <member type="way" ref="19259127" role="outer"/>
    <member type="way" ref="383503986" role="outer"/>
    <member type="way" ref="172961234" role="outer"/>
    <member type="way" ref="383503989" role="outer"/>
    <member type="way" ref="383503977" role="outer"/>
    <member type="way" ref="383503991" role="outer"/>
    <member type="way" ref="10202166" role="outer"/>
    <member type="way" ref="278019514" role="outer"/>
    <member type="way" ref="384217841" role="outer"/>
    <member type="way" ref="384217832" role="outer"/>
    <member type="way" ref="383957383" role="outer"/>
    <member type="way" ref="574572153" role="outer"/>
    <member type="way" ref="295040148" role="outer"/>
    <member type="way" ref="47129749" role="outer"/>
    <member type="way" ref="172669953" role="outer"/>
    <member type="way" ref="383957381" role="outer"/>
    <member type="way" ref="13594949" role="outer"/>
    <member type="way" ref="567906392" role="outer"/>
    <member type="way" ref="4935035" role="outer"/>
    <member type="way" ref="399871591" role="outer"/>
    <member type="way" ref="170061873" role="outer"/>
    <member type="way" ref="170061872" role="outer"/>
    <member type="way" ref="556923707" role="outer"/>
    <member type="way" ref="183691274" role="outer"/>
    <member type="way" ref="172760924" role="outer"/>
    <member type="way" ref="384217830" role="outer"/>
    <member type="way" ref="976965497" role="outer"/>
    <member type="way" ref="384217839" role="outer"/>
    <member type="way" ref="384217833" role="outer"/>
    <member type="way" ref="278019515" role="outer"/>
    <member type="way" ref="278019518" role="outer"/>
    <tag k="admin_level" v="10"/>
    <tag k="boundary" v="administrative"/>
    <tag k="name" v="Randwick"/>
    <tag k="place" v="suburb"/>
    <tag k="postal_code" v="2031"/>
    <tag k="ref:nswlpi:cadid" v="108031951"/>
    <tag k="ref:psma:loc_pid" v="NSW3339"/>
    <tag k="source" v="bing;ABS2011"/>
    <tag k="type" v="boundary"/>
    <tag k="wikidata" v="Q909858"/>
    <tag k="wikipedia" v="en:Randwick, New South Wales"/>
  </relation>
  <relation id="5712639">
    <member type="node" ref="117182685" role="label"/>
    <member type="way" ref="787346209" role="outer"/>
    <member type="way" ref="787346210" role="outer"/>
    <member type="way" ref="4869911" role="outer"/>
    <member type="way" ref="383841062" role="outer"/>
    <member type="way" ref="27828191" role="outer"/>
    <member type="way" ref="383942606" role="outer"/>
    <member type="way" ref="383957386" role="outer"/>
    <member type="way" ref="383957380" role="outer"/>
    <member type="way" ref="27828174" role="outer"/>
    <member type="way" ref="383957385" role="outer"/>
    <member type="way" ref="82257798" role="outer"/>
    <member type="way" ref="383957387" role="outer"/>
    <member type="way" ref="5685328" role="outer"/>
    <member type="way" ref="100945911" role="outer"/>
    <member type="way" ref="383957391" role="outer"/>
    <member type="way" ref="383957389" role="outer"/>
    <member type="way" ref="383957379" role="outer"/>
    <member type="way" ref="49101603" role="outer"/>
    <member type="way" ref="803671788" role="outer"/>
    <member type="way" ref="4935033" role="outer"/>
    <member type="way" ref="383957382" role="outer"/>
    <member type="way" ref="45228705" role="outer"/>
    <member type="way" ref="383957396" role="outer"/>
    <member type="way" ref="173080187" role="outer"/>
    <member type="way" ref="5694388" role="outer"/>
    <member type="way" ref="4935035" role="outer"/>
    <member type="way" ref="567906392" role="outer"/>
    <member type="way" ref="13594949" role="outer"/>
    <member type="way" ref="383957381" role="outer"/>
    <member type="way" ref="172669953" role="outer"/>
    <member type="way" ref="47129749" role="outer"/>
    <member type="way" ref="295040148" role="outer"/>
    <member type="way" ref="574572153" role="outer"/>
    <member type="way" ref="383957383" role="outer"/>
    <member type="way" ref="383254712" role="outer"/>
    <member type="way" ref="383254718" role="outer"/>
    <tag k="admin_level" v="10"/>
    <tag k="boundary" v="administrative"/>
    <tag k="name" v="Kingsford"/>
    <tag k="place" v="suburb"/>
    <tag k="postal_code" v="2032"/>
    <tag k="ref:nswlpi:cadid" v="108031949"/>
    <tag k="ref:psma:loc_pid" v="NSW2180"/>
    <tag k="type" v="boundary"/>
    <tag k="wikidata" v="Q2975743"/>
    <tag k="wikipedia" v="en:Kingsford, New South Wales"/>
  </relation>
  <relation id="8093225">
    <member type="way" ref="567906393" role="from"/>
    <member type="way" ref="567906392" role="to"/>
    <member type="node" ref="1822130276" role="via"/>
    <tag k="restriction" v="no_right_turn"/>
    <tag k="type" v="restriction"/>
  </relation>
  <relation id="8365882">
    <member type="way" ref="567897502" role=""/>
    <member type="way" ref="342505393" role=""/>
    <member type="way" ref="263451244" role=""/>
    <member type="way" ref="263446748" role=""/>
    <member type="way" ref="590444484" role=""/>
    <member type="way" ref="197730195" role=""/>
    <member type="way" ref="47134545" role=""/>
    <member type="way" ref="172755379" role=""/>
    <member type="way" ref="172755380" role=""/>
    <member type="way" ref="4934828" role=""/>
    <member type="way" ref="166195016" role=""/>
    <member type="way" ref="47129736" role=""/>
    <member type="way" ref="225101630" role=""/>
    <member type="way" ref="368571535" role=""/>
    <member type="way" ref="169290328" role=""/>
    <member type="way" ref="590444481" role=""/>
    <member type="way" ref="3741180" role=""/>
    <member type="way" ref="383503989" role=""/>
    <member type="way" ref="383503990" role=""/>
    <member type="way" ref="4935022" role=""/>
    <member type="way" ref="580965045" role=""/>
    <member type="way" ref="4935021" role=""/>
    <member type="way" ref="171136035" role=""/>
    <member type="way" ref="590444477" role=""/>
    <member type="way" ref="263451243" role=""/>
    <member type="way" ref="263446747" role=""/>
    <member type="way" ref="448038504" role=""/>
    <member type="way" ref="590444483" role=""/>
    <member type="way" ref="3817376" role=""/>
    <member type="way" ref="9171892" role=""/>
    <member type="way" ref="971820458" role=""/>
    <member type="way" ref="581013423" role=""/>
    <member type="way" ref="971820452" role=""/>
    <member type="way" ref="241738725" role=""/>
    <member type="way" ref="384217843" role=""/>
    <member type="way" ref="971820451" role=""/>
    <member type="way" ref="3817382" role=""/>
    <member type="way" ref="384217846" role=""/>
    <member type="way" ref="384217844" role=""/>
    <member type="way" ref="3997036" role=""/>
    <member type="way" ref="47134537" role=""/>
    <member type="way" ref="590444474" role=""/>
    <member type="way" ref="172755861" role=""/>
    <member type="way" ref="590444479" role=""/>
    <member type="way" ref="294106615" role=""/>
    <member type="way" ref="252128405" role=""/>
    <member type="way" ref="384303413" role=""/>
    <member type="way" ref="169290330" role=""/>
    <member type="way" ref="618741238" role=""/>
    <member type="way" ref="3742688" role=""/>
    <member type="way" ref="567897503" role=""/>
    <member type="way" ref="590444480" role=""/>
    <member type="way" ref="173257845" role=""/>
    <member type="way" ref="556923707" role=""/>
    <member type="way" ref="694202525" role=""/>
    <member type="way" ref="171136044" role=""/>
    <member type="way" ref="4935018" role=""/>
    <member type="way" ref="784223762" role=""/>
    <member type="way" ref="784223761" role=""/>
    <member type="way" ref="567899642" role=""/>
    <member type="way" ref="225731404" role=""/>
    <member type="way" ref="694202526" role=""/>
    <member type="way" ref="694202527" role=""/>
    <member type="way" ref="269121807" role=""/>
    <member type="way" ref="47134524" role=""/>
    <member type="way" ref="269121439" role=""/>
    <member type="way" ref="172671206" role=""/>
    <member type="way" ref="4625260" role=""/>
    <member type="way" ref="567906393" role=""/>
    <member type="way" ref="294106616" role=""/>
    <member type="way" ref="353447997" role=""/>
    <member type="way" ref="260845782" role=""/>
    <member type="way" ref="252114522" role=""/>
    <member type="way" ref="4935038" role=""/>
    <member type="way" ref="618741239" role=""/>
    <member type="way" ref="47129750" role=""/>
    <member type="way" ref="580966103" role=""/>
    <member type="way" ref="172755381" role=""/>
    <member type="way" ref="776585180" role=""/>
    <member type="way" ref="252114519" role=""/>
    <member type="way" ref="172755378" role=""/>
    <member type="way" ref="173082114" role=""/>
    <member type="way" ref="694202528" role=""/>
    <member type="way" ref="251111270" role=""/>
    <member type="way" ref="784223760" role=""/>
    <member type="way" ref="172961209" role=""/>
    <member type="way" ref="47134531" role=""/>
    <member type="way" ref="3743121" role=""/>
    <member type="way" ref="787331003" role=""/>
    <member type="way" ref="3743124" role=""/>
    <member type="way" ref="47134529" role=""/>
    <member type="way" ref="252114526" role=""/>
    <member type="way" ref="771914124" role=""/>
    <member type="way" ref="580965044" role=""/>
    <member type="way" ref="590444485" role=""/>
    <member type="way" ref="47134527" role=""/>
    <member type="way" ref="4935020" role=""/>
    <member type="way" ref="590444476" role=""/>
    <member type="way" ref="589594836" role=""/>
    <member type="way" ref="169290329" role=""/>
    <member type="way" ref="47134533" role=""/>
    <member type="way" ref="793052152" role=""/>
    <member type="way" ref="48847263" role=""/>
    <member type="way" ref="793052154" role=""/>
    <member type="way" ref="590444482" role=""/>
    <member type="way" ref="3775682" role=""/>
    <member type="way" ref="171136034" role=""/>
    <member type="way" ref="590444478" role=""/>
    <member type="way" ref="168807656" role=""/>
    <tag k="name" v="Randwick proposed regional cycleways"/>
    <tag k="network" v="rcn"/>
    <tag k="rcn" v="proposed"/>
    <tag k="route" v="bicycle"/>
    <tag k="state" v="proposed"/>
    <tag k="type" v="route"/>
  </relation>
  <relation id="8552384">
    <member type="node" ref="5847855043" role="platform"/>
    <member type="node" ref="5847991270" role="platform"/>
    <member type="node" ref="5847991259" role="platform"/>
    <member type="node" ref="5847991269" role="platform"/>
    <member type="node" ref="2985709933" role="platform"/>
    <member type="node" ref="5848066207" role="platform"/>
    <member type="node" ref="2906626702" role="platform"/>
    <member type="node" ref="2987023436" role="platform"/>
    <member type="node" ref="2765929524" role="platform"/>
    <member type="node" ref="2982121738" role="platform"/>
    <member type="node" ref="5848066205" role="platform"/>
    <member type="node" ref="2982121734" role="platform"/>
    <member type="node" ref="2982121333" role="platform"/>
    <member type="node" ref="2982121634" role="platform"/>
    <member type="node" ref="2982122033" role="platform"/>
    <member type="node" ref="2982122038" role="platform"/>
    <member type="node" ref="600861995" role="platform"/>
    <member type="node" ref="5855437034" role="platform"/>
    <member type="node" ref="5855437032" role="platform"/>
    <member type="node" ref="5855437035" role="platform"/>
    <member type="node" ref="5855437033" role="platform"/>
    <member type="node" ref="840191519" role="platform"/>
    <member type="node" ref="840190893" role="platform"/>
    <member type="node" ref="5855437037" role="platform"/>
    <member type="node" ref="5855437045" role="platform"/>
    <member type="node" ref="5855437043" role="platform"/>
    <member type="node" ref="5855437042" role="platform"/>
    <member type="node" ref="5855437041" role="platform"/>
    <member type="node" ref="5855437040" role="platform"/>
    <member type="node" ref="5855437039" role="platform"/>
    <member type="node" ref="5855437036" role="platform"/>
    <member type="node" ref="5855437038" role="platform"/>
    <member type="node" ref="5855461349" role="platform"/>
    <member type="node" ref="5855461348" role="platform"/>
    <member type="node" ref="5855461350" role="platform"/>
    <member type="node" ref="5855488810" role="platform"/>
    <member type="node" ref="5855488824" role="platform"/>
    <member type="node" ref="1422728555" role="platform"/>
    <member type="node" ref="296816168" role="platform"/>
    <member type="node" ref="5855488822" role="platform"/>
    <member type="node" ref="4944003984" role="platform"/>
    <member type="node" ref="5855488825" role="platform"/>
    <member type="node" ref="5855488809" role="platform"/>
    <member type="node" ref="5855488821" role="platform"/>
    <member type="node" ref="5855488820" role="platform"/>
    <member type="node" ref="5855488819" role="platform"/>
    <member type="node" ref="5855488818" role="platform"/>
    <member type="node" ref="5855488817" role="platform"/>
    <member type="node" ref="5855488816" role="platform"/>
    <member type="node" ref="5855488815" role="platform"/>
    <member type="node" ref="5855488814" role="platform"/>
    <member type="node" ref="5855488813" role="platform"/>
    <member type="node" ref="5855488812" role="platform"/>
    <member type="node" ref="5855488811" role="platform"/>
    <member type="node" ref="5855565188" role="platform"/>
    <member type="node" ref="5855565192" role="platform"/>
    <member type="node" ref="5828857849" role="platform"/>
    <member type="node" ref="5855565187" role="platform"/>
    <member type="node" ref="5855565196" role="platform"/>
    <member type="node" ref="5855565185" role="platform"/>
    <member type="node" ref="5828873844" role="platform"/>
    <member type="node" ref="2892617403" role="platform"/>
    <member type="node" ref="2892617390" role="platform"/>
    <member type="node" ref="2892617406" role="platform"/>
    <member type="node" ref="5855565193" role="platform"/>
    <member type="node" ref="5855565194" role="platform"/>
    <member type="node" ref="5855565197" role="platform"/>
    <member type="node" ref="5855565195" role="platform"/>
    <member type="node" ref="5855565191" role="platform"/>
    <member type="node" ref="5855565189" role="platform"/>
    <member type="node" ref="1129362642" role="platform"/>
    <member type="node" ref="5855595088" role="platform"/>
    <member type="node" ref="5855595085" role="platform"/>
    <member type="node" ref="1129365563" role="platform"/>
    <member type="node" ref="2831218124" role="platform"/>
    <member type="way" ref="618723198" role=""/>
    <member type="way" ref="398296725" role=""/>
    <member type="way" ref="10252310" role=""/>
    <member type="way" ref="3997037" role=""/>
    <member type="way" ref="618732783" role=""/>
    <member type="way" ref="260862230" role=""/>
    <member type="way" ref="172811537" role=""/>
    <member type="way" ref="256666034" role=""/>
    <member type="way" ref="618732780" role=""/>
    <member type="way" ref="256666037" role=""/>
    <member type="way" ref="173795887" role=""/>
    <member type="way" ref="409621595" role=""/>
    <member type="way" ref="173795831" role=""/>
    <member type="way" ref="916679485" role=""/>
    <member type="way" ref="83885825" role=""/>
    <member type="way" ref="172972183" role=""/>
    <member type="way" ref="618732777" role=""/>
    <member type="way" ref="139976286" role=""/>
    <member type="way" ref="618732778" role=""/>
    <member type="way" ref="47134555" role=""/>
    <member type="way" ref="183759914" role=""/>
    <member type="way" ref="47134522" role=""/>
    <member type="way" ref="77523089" role=""/>
    <member type="way" ref="34927926" role=""/>
    <member type="way" ref="47134526" role=""/>
    <member type="way" ref="4934828" role=""/>
    <member type="way" ref="172755380" role=""/>
    <member type="way" ref="252114519" role=""/>
    <member type="way" ref="776585180" role=""/>
    <member type="way" ref="172755381" role=""/>
    <member type="way" ref="252126874" role=""/>
    <member type="way" ref="610229327" role=""/>
    <member type="way" ref="170061872" role=""/>
    <member type="way" ref="170061873" role=""/>
    <member type="way" ref="399871591" role=""/>
    <member type="way" ref="4935035" role=""/>
    <member type="way" ref="4625260" role=""/>
    <member type="way" ref="47129750" role=""/>
    <member type="way" ref="171136034" role=""/>
    <member type="way" ref="4935038" role=""/>
    <member type="way" ref="618741238" role=""/>
    <member type="way" ref="169290329" role=""/>
    <member type="way" ref="574572164" role=""/>
    <member type="way" ref="574689464" role=""/>
    <member type="way" ref="574572153" role=""/>
    <member type="way" ref="295040148" role=""/>
    <member type="way" ref="47129749" role=""/>
    <member type="way" ref="172669953" role=""/>
    <member type="way" ref="225101960" role=""/>
    <member type="way" ref="569137719" role=""/>
    <member type="way" ref="225101958" role=""/>
    <member type="way" ref="295040149" role=""/>
    <member type="way" ref="667329898" role=""/>
    <member type="way" ref="7996377" role=""/>
    <member type="way" ref="667330077" role=""/>
    <member type="way" ref="504445102" role=""/>
    <member type="way" ref="168812781" role=""/>
    <member type="way" ref="252253875" role=""/>
    <member type="way" ref="368571541" role=""/>
    <member type="way" ref="45226935" role=""/>
    <member type="way" ref="612810456" role=""/>
    <member type="way" ref="47126699" role=""/>
    <member type="way" ref="366661724" role=""/>
    <member type="way" ref="185269468" role=""/>
    <member type="way" ref="172308640" role=""/>
    <member type="way" ref="45225933" role=""/>
    <member type="way" ref="366661729" role=""/>
    <member type="way" ref="592899808" role=""/>
    <member type="way" ref="295768194" role=""/>
    <member type="way" ref="295768195" role=""/>
    <member type="way" ref="366661732" role=""/>
    <member type="way" ref="366661735" role=""/>
    <member type="way" ref="366661739" role=""/>
    <member type="way" ref="185266534" role=""/>
    <member type="way" ref="105828365" role=""/>
    <member type="way" ref="172308644" role=""/>
    <member type="way" ref="47129744" role=""/>
    <member type="way" ref="172308643" role=""/>
    <member type="way" ref="783043371" role=""/>
    <member type="way" ref="366661741" role=""/>
    <member type="way" ref="783043370" role=""/>
    <member type="way" ref="366661756" role=""/>
    <member type="way" ref="366661745" role=""/>
    <member type="way" ref="366661762" role=""/>
    <member type="way" ref="380351085" role=""/>
    <member type="way" ref="366661776" role=""/>
    <member type="way" ref="820038184" role=""/>
    <member type="way" ref="820038183" role=""/>
    <member type="way" ref="587208154" role=""/>
    <member type="way" ref="949289232" role=""/>
    <member type="way" ref="99139869" role=""/>
    <member type="way" ref="949289229" role=""/>
    <member type="way" ref="702196053" role=""/>
    <member type="way" ref="949289231" role=""/>
    <member type="way" ref="521118548" role=""/>
    <member type="way" ref="949289233" role=""/>
    <member type="way" ref="99139877" role=""/>
    <member type="way" ref="172324357" role=""/>
    <member type="way" ref="77707573" role=""/>
    <member type="way" ref="172594382" role=""/>
    <member type="way" ref="173879452" role=""/>
    <member type="way" ref="795367221" role=""/>
    <member type="way" ref="795367219" role=""/>
    <member type="way" ref="451654045" role=""/>
    <member type="way" ref="47129745" role=""/>
    <member type="way" ref="172324188" role=""/>
    <member type="way" ref="416814278" role=""/>
    <member type="way" ref="416814275" role=""/>
    <member type="way" ref="172324187" role=""/>
    <member type="way" ref="4552701" role=""/>
    <member type="way" ref="175260614" role=""/>
    <member type="way" ref="733338015" role=""/>
    <member type="way" ref="787545940" role=""/>
    <member type="way" ref="174738794" role=""/>
    <member type="way" ref="150721162" role=""/>
    <member type="way" ref="572481801" role=""/>
    <member type="way" ref="173778138" role=""/>
    <member type="way" ref="8103554" role=""/>
    <member type="way" ref="31965727" role=""/>
    <member type="way" ref="368131007" role=""/>
    <member type="way" ref="172754936" role=""/>
    <member type="way" ref="173627236" role=""/>
    <member type="way" ref="173627268" role=""/>
    <member type="way" ref="173627193" role=""/>
    <member type="way" ref="598688673" role=""/>
    <member type="way" ref="590747931" role=""/>
    <member type="way" ref="590747927" role=""/>
    <member type="way" ref="590747921" role=""/>
    <member type="way" ref="598688674" role=""/>
    <member type="way" ref="172324178" role=""/>
    <member type="way" ref="270521448" role=""/>
    <member type="way" ref="592241676" role=""/>
    <member type="way" ref="592241677" role=""/>
    <member type="way" ref="303269072" role=""/>
    <member type="way" ref="270521446" role=""/>
    <member type="way" ref="451655543" role=""/>
    <member type="way" ref="451655539" role=""/>
    <member type="way" ref="866558719" role=""/>
    <member type="way" ref="19557615" role=""/>
    <member type="way" ref="567899000" role=""/>
    <member type="way" ref="166765360" role=""/>
    <member type="way" ref="166765357" role=""/>
    <member type="way" ref="445855331" role=""/>
    <member type="way" ref="567604182" role=""/>
    <member type="way" ref="567604181" role=""/>
    <member type="way" ref="174591496" role=""/>
    <member type="way" ref="619642795" role=""/>
    <member type="way" ref="619642797" role=""/>
    <member type="way" ref="173525404" role=""/>
    <member type="way" ref="173525398" role=""/>
    <member type="way" ref="180105886" role=""/>
    <member type="way" ref="180105885" role=""/>
    <member type="way" ref="462889604" role=""/>
    <member type="way" ref="180105882" role=""/>
    <member type="way" ref="172992022" role=""/>
    <member type="way" ref="619642793" role=""/>
    <member type="way" ref="165903551" role=""/>
    <member type="way" ref="180082959" role=""/>
    <member type="way" ref="619642791" role=""/>
    <member type="way" ref="165903539" role=""/>
    <member type="way" ref="619658191" role=""/>
    <member type="way" ref="165903540" role=""/>
    <member type="way" ref="165903542" role=""/>
    <member type="way" ref="165903544" role=""/>
    <member type="way" ref="48787250" role=""/>
    <member type="way" ref="164865500" role=""/>
    <member type="way" ref="165904087" role=""/>
    <member type="way" ref="619658199" role=""/>
    <member type="way" ref="165904089" role=""/>
    <member type="way" ref="165904090" role=""/>
    <member type="way" ref="619658194" role=""/>
    <member type="way" ref="156718561" role=""/>
    <member type="way" ref="252457905" role=""/>
    <member type="way" ref="285396961" role=""/>
    <member type="way" ref="285423755" role=""/>
    <member type="way" ref="365936265" role=""/>
    <member type="way" ref="401701408" role=""/>
    <member type="way" ref="573743403" role=""/>
    <member type="way" ref="573743972" role=""/>
    <member type="way" ref="569455280" role=""/>
    <member type="way" ref="569455281" role=""/>
    <member type="way" ref="401701413" role=""/>
    <member type="way" ref="304037229" role=""/>
    <member type="way" ref="365936264" role=""/>
    <member type="way" ref="156718558" role=""/>
    <member type="way" ref="156718557" role=""/>
    <member type="way" ref="365936263" role=""/>
    <member type="way" ref="365936260" role=""/>
    <member type="way" ref="569454739" role=""/>
    <member type="way" ref="365936257" role=""/>
    <member type="way" ref="165370786" role=""/>
    <member type="way" ref="365936253" role=""/>
    <member type="way" ref="380732830" role=""/>
    <member type="way" ref="165370792" role=""/>
    <member type="way" ref="365936249" role=""/>
    <member type="way" ref="569454740" role=""/>
    <member type="way" ref="701138533" role=""/>
    <member type="way" ref="701138532" role=""/>
    <member type="way" ref="156857557" role=""/>
    <member type="way" ref="81149442" role=""/>
    <member type="way" ref="165646935" role=""/>
    <member type="way" ref="165646941" role=""/>
    <member type="way" ref="165645545" role=""/>
    <member type="way" ref="27463907" role=""/>
    <member type="way" ref="252464456" role=""/>
    <member type="way" ref="758050905" role=""/>
    <member type="way" ref="133667725" role=""/>
    <member type="way" ref="701138535" role=""/>
    <member type="way" ref="701138536" role=""/>
    <tag k="name" v="Burwood"/>
    <tag k="public_transport:version" v="2"/>
    <tag k="ref" v="418"/>
    <tag k="route" v="bus"/>
    <tag k="type" v="route"/>
  </relation>

</osm>
