<?xml version="1.0" encoding="UTF-8"?>

<!-- generated on 2021-10-20 08:00:29 by Eclipse SUMO netconvert Version 1.10.0
<configuration xmlns:xsi="http://www.w3.org/2001/XMLSchema-instance" xsi:noNamespaceSchemaLocation="http://sumo.dlr.de/xsd/netconvertConfiguration.xsd">

    <input>
        <type-files value="/usr/share/sumo/data/typemap/osmNetconvert.typ.xml"/>
        <osm-files value="osm_bbox.osm.xml"/>
    </input>

    <output>
        <output-file value="osm.net.xml"/>
        <output.street-names value="true"/>
        <output.original-names value="true"/>
    </output>

    <projection>
        <proj.utm value="true"/>
    </projection>

    <processing>
        <geometry.remove value="true"/>
        <roundabouts.guess value="true"/>
        <lefthand value="true"/>
    </processing>

    <tls_building>
        <tls.discard-simple value="true"/>
        <tls.join value="true"/>
        <tls.guess-signals value="true"/>
        <tls.default-type value="actuated"/>
    </tls_building>

    <ramp_guessing>
        <ramps.guess value="true"/>
    </ramp_guessing>

    <edge_removal>
        <keep-edges.by-vclass value="passenger"/>
    </edge_removal>

    <junctions>
        <junctions.join value="true"/>
        <junctions.corner-detail value="5"/>
    </junctions>

    <report>
        <verbose value="true"/>
        <aggregate-warnings value="5"/>
    </report>

</configuration>
-->

<net version="1.9" junctionCornerDetail="5" lefthand="true" limitTurnSpeed="5.50" xmlns:xsi="http://www.w3.org/2001/XMLSchema-instance" xsi:noNamespaceSchemaLocation="http://sumo.dlr.de/xsd/net_file.xsd">

    <location netOffset="-336685.93,3754969.64" convBoundary="0.00,-0.00,356.47,388.70" origBoundary="151.233287,-33.922552,151.237131,-33.919045" projParameter="+proj=utm +zone=56 +ellps=WGS84 +datum=WGS84 +units=m +no_defs"/>

    <type id="highway.bridleway" priority="1" numLanes="1" speed="2.78" allow="pedestrian" oneway="1" width="2.00"/>
    <type id="highway.bus_guideway" priority="1" numLanes="1" speed="27.78" allow="bus" oneway="1"/>
    <type id="highway.cycleway" priority="1" numLanes="1" speed="8.33" allow="bicycle" oneway="0" width="1.00"/>
    <type id="highway.footway" priority="1" numLanes="1" speed="2.78" allow="pedestrian" oneway="1" width="2.00"/>
    <type id="highway.ford" priority="1" numLanes="1" speed="2.78" allow="army" oneway="0"/>
    <type id="highway.living_street" priority="2" numLanes="1" speed="2.78" disallow="tram rail_urban rail rail_electric rail_fast ship" oneway="0"/>
    <type id="highway.motorway" priority="14" numLanes="2" speed="39.44" allow="private emergency authority army vip passenger hov taxi bus coach delivery truck trailer motorcycle evehicle custom1 custom2" oneway="1"/>
    <type id="highway.motorway_link" priority="9" numLanes="1" speed="22.22" allow="private emergency authority army vip passenger hov taxi bus coach delivery truck trailer motorcycle evehicle custom1 custom2" oneway="1"/>
    <type id="highway.path" priority="1" numLanes="1" speed="2.78" allow="pedestrian bicycle" oneway="0" width="2.00"/>
    <type id="highway.pedestrian" priority="1" numLanes="1" speed="2.78" allow="pedestrian" oneway="1" width="2.00"/>
    <type id="highway.primary" priority="12" numLanes="2" speed="27.78" disallow="tram rail_urban rail rail_electric rail_fast ship" oneway="0"/>
    <type id="highway.primary_link" priority="7" numLanes="1" speed="22.22" disallow="tram rail_urban rail rail_electric rail_fast ship" oneway="0"/>
    <type id="highway.raceway" priority="15" numLanes="2" speed="83.33" allow="vip" oneway="0"/>
    <type id="highway.residential" priority="3" numLanes="1" speed="13.89" disallow="tram rail_urban rail rail_electric rail_fast ship" oneway="0"/>
    <type id="highway.secondary" priority="11" numLanes="1" speed="27.78" disallow="tram rail_urban rail rail_electric rail_fast ship" oneway="0"/>
    <type id="highway.secondary_link" priority="6" numLanes="1" speed="22.22" disallow="tram rail_urban rail rail_electric rail_fast ship" oneway="0"/>
    <type id="highway.service" priority="1" numLanes="1" speed="5.56" allow="pedestrian delivery bicycle" oneway="0"/>
    <type id="highway.stairs" priority="1" numLanes="1" speed="1.39" allow="pedestrian" oneway="1" width="2.00"/>
    <type id="highway.step" priority="1" numLanes="1" speed="1.39" allow="pedestrian" oneway="1" width="2.00"/>
    <type id="highway.steps" priority="1" numLanes="1" speed="1.39" allow="pedestrian" oneway="1" width="2.00"/>
    <type id="highway.tertiary" priority="10" numLanes="1" speed="22.22" disallow="tram rail_urban rail rail_electric rail_fast ship" oneway="0"/>
    <type id="highway.tertiary_link" priority="5" numLanes="1" speed="22.22" disallow="tram rail_urban rail rail_electric rail_fast ship" oneway="0"/>
    <type id="highway.track" priority="1" numLanes="1" speed="5.56" allow="pedestrian motorcycle moped bicycle" oneway="0"/>
    <type id="highway.trunk" priority="13" numLanes="2" speed="27.78" disallow="pedestrian bicycle tram rail_urban rail rail_electric rail_fast ship" oneway="0"/>
    <type id="highway.trunk_link" priority="8" numLanes="1" speed="22.22" disallow="pedestrian bicycle tram rail_urban rail rail_electric rail_fast ship" oneway="0"/>
    <type id="highway.unclassified" priority="4" numLanes="1" speed="13.89" disallow="tram rail_urban rail rail_electric rail_fast ship" oneway="0"/>
    <type id="highway.unsurfaced" priority="1" numLanes="1" speed="8.33" disallow="tram rail_urban rail rail_electric rail_fast ship" oneway="0"/>
    <type id="railway.highspeed" priority="21" numLanes="1" speed="69.44" allow="rail_fast" oneway="1"/>
    <type id="railway.light_rail" priority="19" numLanes="1" speed="27.78" allow="rail_urban" oneway="1"/>
    <type id="railway.preserved" priority="16" numLanes="1" speed="27.78" allow="rail" oneway="1"/>
    <type id="railway.rail" priority="20" numLanes="1" speed="44.44" allow="rail" oneway="1"/>
    <type id="railway.subway" priority="18" numLanes="1" speed="27.78" allow="rail_urban" oneway="1"/>
    <type id="railway.tram" priority="17" numLanes="1" speed="13.89" allow="tram" oneway="1"/>

    <edge id=":1822130165_0" function="internal">
        <lane id=":1822130165_0_0" index="0" disallow="tram rail_urban rail rail_electric rail_fast ship" speed="3.65" length="4.67" shape="309.48,287.45 310.47,288.50 311.32,288.76 312.05,288.24 312.64,286.92"/>
    </edge>
    <edge id=":1822130276_0" function="internal">
        <lane id=":1822130276_0_0" index="0" disallow="tram rail_urban rail rail_electric rail_fast ship" speed="11.26" length="15.64" shape="215.77,205.37 212.27,205.54 208.76,204.69 205.26,202.81 201.75,199.92"/>
    </edge>
    <edge id=":1822130276_1" function="internal">
        <lane id=":1822130276_1_0" index="0" disallow="tram rail_urban rail rail_electric rail_fast ship" speed="13.89" length="18.49" shape="215.77,205.37 197.51,208.25"/>
    </edge>
    <edge id=":1822130276_2" function="internal">
        <lane id=":1822130276_2_0" index="0" disallow="tram rail_urban rail rail_electric rail_fast ship" speed="7.67" length="5.70" shape="215.77,205.37 211.74,206.78 210.73,207.78"/>
    </edge>
    <edge id=":1822130276_3" function="internal">
        <lane id=":1822130276_3_0" index="0" disallow="tram rail_urban rail rail_electric rail_fast ship" speed="3.65" length="2.34" shape="215.77,205.37 214.75,206.39 214.51,207.25"/>
    </edge>
    <edge id=":1822130276_15" function="internal">
        <lane id=":1822130276_15_0" index="0" disallow="tram rail_urban rail rail_electric rail_fast ship" speed="7.67" length="9.39" shape="210.73,207.78 209.42,209.09 208.83,212.30 209.96,216.43"/>
    </edge>
    <edge id=":1822130276_16" function="internal">
        <lane id=":1822130276_16_0" index="0" disallow="tram rail_urban rail rail_electric rail_fast ship" speed="3.65" length="2.34" shape="214.51,207.25 215.05,207.96 216.38,208.51"/>
    </edge>
    <edge id=":1822130276_4" function="internal">
        <lane id=":1822130276_4_0" index="0" disallow="tram rail_urban rail rail_electric rail_fast ship" speed="6.09" length="9.06" shape="212.89,215.15 212.21,212.68 212.57,210.74 213.96,209.36 216.38,208.51"/>
    </edge>
    <edge id=":1822130276_5" function="internal">
        <lane id=":1822130276_5_0" index="0" disallow="tram rail_urban rail rail_electric rail_fast ship" speed="13.89" length="18.95" shape="212.89,215.15 210.81,211.33 207.92,207.12 204.72,203.12 201.75,199.92"/>
    </edge>
    <edge id=":1822130276_6" function="internal">
        <lane id=":1822130276_6_0" index="0" disallow="tram rail_urban rail rail_electric rail_fast ship" speed="9.94" length="5.72" shape="212.89,215.15 210.50,212.19 208.86,211.21"/>
    </edge>
    <edge id=":1822130276_7" function="internal">
        <lane id=":1822130276_7_0" index="0" disallow="tram rail_urban rail rail_electric rail_fast ship" speed="3.65" length="2.47" shape="212.89,215.15 211.68,214.37 210.79,214.32 210.70,214.43"/>
    </edge>
    <edge id=":1822130276_17" function="internal">
        <lane id=":1822130276_17_0" index="0" disallow="tram rail_urban rail rail_electric rail_fast ship" speed="9.94" length="11.95" shape="208.86,211.21 206.60,209.85 202.01,208.43 197.51,208.25"/>
    </edge>
    <edge id=":1822130276_18" function="internal">
        <lane id=":1822130276_18_0" index="0" disallow="tram rail_urban rail rail_electric rail_fast ship" speed="3.65" length="2.20" shape="210.70,214.43 210.21,215.01 209.96,216.43"/>
    </edge>
    <edge id=":1822130276_8" function="internal">
        <lane id=":1822130276_8_0" index="0" disallow="tram rail_urban rail rail_electric rail_fast ship" speed="8.92" length="14.06" shape="197.92,211.42 202.17,211.28 205.60,212.07 208.19,213.78 209.96,216.43"/>
    </edge>
    <edge id=":1822130276_9" function="internal">
        <lane id=":1822130276_9_0" index="0" disallow="tram rail_urban rail rail_electric rail_fast ship" speed="13.89" length="18.69" shape="197.92,211.42 216.38,208.51"/>
    </edge>
    <edge id=":1822130276_10" function="internal">
        <lane id=":1822130276_10_0" index="0" disallow="tram rail_urban rail rail_electric rail_fast ship" speed="3.65" length="2.34" shape="197.92,211.42 199.01,210.47 199.30,209.63"/>
    </edge>
    <edge id=":1822130276_19" function="internal">
        <lane id=":1822130276_19_0" index="0" disallow="tram rail_urban rail rail_electric rail_fast ship" speed="3.65" length="2.34" shape="199.30,209.63 198.80,208.89 197.51,208.25"/>
    </edge>
    <edge id=":1822130276_11" function="internal">
        <lane id=":1822130276_11_0" index="0" disallow="tram rail_urban rail rail_electric rail_fast ship" speed="5.54" length="9.45" shape="199.52,202.21 201.36,204.50 201.63,206.27 200.35,207.52 197.51,208.25"/>
    </edge>
    <edge id=":1822130276_12" function="internal">
        <lane id=":1822130276_12_0" index="0" disallow="tram rail_urban rail rail_electric rail_fast ship" speed="13.89" length="17.72" shape="199.52,202.21 202.38,205.26 205.33,208.91 207.99,212.76 209.96,216.43"/>
    </edge>
    <edge id=":1822130276_13" function="internal">
        <lane id=":1822130276_13_0" index="0" disallow="tram rail_urban rail rail_electric rail_fast ship" speed="12.20" length="6.27" shape="199.52,202.21 203.28,205.00 204.72,205.68"/>
    </edge>
    <edge id=":1822130276_14" function="internal">
        <lane id=":1822130276_14_0" index="0" disallow="tram rail_urban rail rail_electric rail_fast ship" speed="3.65" length="2.34" shape="199.52,202.21 200.94,202.47 201.78,202.18"/>
    </edge>
    <edge id=":1822130276_20" function="internal">
        <lane id=":1822130276_20_0" index="0" disallow="tram rail_urban rail rail_electric rail_fast ship" speed="12.20" length="12.17" shape="204.72,205.68 207.87,207.17 212.50,208.44 216.38,208.51"/>
    </edge>
    <edge id=":1822130276_21" function="internal">
        <lane id=":1822130276_21_0" index="0" disallow="tram rail_urban rail rail_electric rail_fast ship" speed="3.65" length="2.34" shape="201.78,202.18 202.05,201.33 201.75,199.92"/>
    </edge>
    <edge id=":1822130676_0" function="internal">
        <lane id=":1822130676_0_0" index="0" disallow="tram rail_urban rail rail_electric rail_fast ship" speed="3.65" length="4.67" shape="-0.22,236.84 -1.30,237.80 -1.58,238.65 -1.08,239.39 0.22,240.01"/>
    </edge>
    <edge id=":1822130929_0" function="internal">
        <lane id=":1822130929_0_0" index="0" disallow="tram rail_urban rail rail_electric rail_fast ship" speed="6.49" length="9.03" shape="302.24,189.79 299.76,189.84 297.87,189.08 296.57,187.51 295.85,185.14"/>
    </edge>
    <edge id=":1822130929_1" function="internal">
        <lane id=":1822130929_1_0" index="0" disallow="tram rail_urban rail rail_electric rail_fast ship" speed="13.89" length="14.43" shape="302.24,189.79 288.00,192.11"/>
    </edge>
    <edge id=":1822130929_2" function="internal">
        <lane id=":1822130929_2_0" index="0" disallow="tram rail_urban rail rail_electric rail_fast ship" speed="8.00" length="5.95" shape="302.24,189.79 298.51,190.95 296.94,192.28"/>
    </edge>
    <edge id=":1822130929_3" function="internal">
        <lane id=":1822130929_3_0" index="0" disallow="tram rail_urban rail rail_electric rail_fast ship" speed="3.65" length="2.34" shape="302.24,189.79 301.18,190.77 300.91,191.63"/>
    </edge>
    <edge id=":1822130929_16" function="internal">
        <lane id=":1822130929_16_0" index="0" disallow="tram rail_urban rail rail_electric rail_fast ship" speed="8.00" length="8.27" shape="296.94,192.28 296.06,193.02 294.87,196.01 294.96,199.90"/>
    </edge>
    <edge id=":1822130929_17" function="internal">
        <lane id=":1822130929_17_0" index="0" disallow="tram rail_urban rail rail_electric rail_fast ship" speed="3.65" length="2.34" shape="300.91,191.63 301.44,192.35 302.75,192.95"/>
    </edge>
    <edge id=":1822130929_4" function="internal">
        <lane id=":1822130929_4_0" index="0" disallow="tram rail_urban rail rail_electric rail_fast ship" speed="6.50" length="9.04" shape="298.12,199.38 298.06,196.90 298.82,195.01 300.38,193.69 302.75,192.95"/>
    </edge>
    <edge id=":1822130929_5" function="internal">
        <lane id=":1822130929_5_0" index="0" disallow="tram rail_urban rail rail_electric rail_fast ship" speed="13.89" length="14.42" shape="298.12,199.38 295.85,185.14"/>
    </edge>
    <edge id=":1822130929_6" function="internal">
        <lane id=":1822130929_6_0" index="0" disallow="tram rail_urban rail rail_electric rail_fast ship" speed="8.01" length="14.20" shape="298.12,199.38 296.94,195.67 294.87,193.22 291.88,192.03 288.00,192.11"/>
    </edge>
    <edge id=":1822130929_7" function="internal">
        <lane id=":1822130929_7_0" index="0" disallow="tram rail_urban rail rail_electric rail_fast ship" speed="3.65" length="4.67" shape="298.12,199.38 297.13,198.33 296.28,198.06 295.55,198.59 294.96,199.90"/>
    </edge>
    <edge id=":1822130929_8" function="internal">
        <lane id=":1822130929_8_0" index="0" disallow="tram rail_urban rail rail_electric rail_fast ship" speed="6.51" length="9.05" shape="288.52,195.27 290.99,195.22 292.89,195.97 294.21,197.54 294.96,199.90"/>
    </edge>
    <edge id=":1822130929_9" function="internal">
        <lane id=":1822130929_9_0" index="0" disallow="tram rail_urban rail rail_electric rail_fast ship" speed="13.89" length="14.42" shape="288.52,195.27 302.75,192.95"/>
    </edge>
    <edge id=":1822130929_10" function="internal">
        <lane id=":1822130929_10_0" index="0" disallow="tram rail_urban rail rail_electric rail_fast ship" speed="8.04" length="5.91" shape="288.52,195.27 292.22,194.10 293.77,192.79"/>
    </edge>
    <edge id=":1822130929_11" function="internal">
        <lane id=":1822130929_11_0" index="0" disallow="tram rail_urban rail rail_electric rail_fast ship" speed="3.65" length="2.34" shape="288.52,195.27 289.57,194.29 289.84,193.43"/>
    </edge>
    <edge id=":1822130929_18" function="internal">
        <lane id=":1822130929_18_0" index="0" disallow="tram rail_urban rail rail_electric rail_fast ship" speed="8.04" length="8.31" shape="293.77,192.79 294.68,192.03 295.89,189.04 295.85,185.14"/>
    </edge>
    <edge id=":1822130929_19" function="internal">
        <lane id=":1822130929_19_0" index="0" disallow="tram rail_urban rail rail_electric rail_fast ship" speed="3.65" length="2.34" shape="289.84,193.43 289.31,192.71 288.00,192.11"/>
    </edge>
    <edge id=":1822130929_12" function="internal">
        <lane id=":1822130929_12_0" index="0" disallow="tram rail_urban rail rail_electric rail_fast ship" speed="6.56" length="9.11" shape="292.68,185.62 292.71,188.12 291.94,190.04 290.37,191.37 288.00,192.11"/>
    </edge>
    <edge id=":1822130929_13" function="internal">
        <lane id=":1822130929_13_0" index="0" disallow="tram rail_urban rail rail_electric rail_fast ship" speed="13.89" length="14.46" shape="292.68,185.62 294.96,199.90"/>
    </edge>
    <edge id=":1822130929_14" function="internal">
        <lane id=":1822130929_14_0" index="0" disallow="tram rail_urban rail rail_electric rail_fast ship" speed="7.99" length="14.22" shape="292.68,185.62 293.81,189.36 295.87,191.82 298.85,193.02 302.75,192.95"/>
    </edge>
    <edge id=":1822130929_15" function="internal">
        <lane id=":1822130929_15_0" index="0" disallow="tram rail_urban rail rail_electric rail_fast ship" speed="3.65" length="4.67" shape="292.68,185.62 293.66,186.69 294.51,186.96 295.24,186.45 295.85,185.14"/>
    </edge>
    <edge id=":1822131103_0" function="internal">
        <lane id=":1822131103_0_0" index="0" disallow="tram rail_urban rail rail_electric rail_fast ship" speed="3.65" length="4.67" shape="175.02,62.56 174.04,61.50 173.19,61.22 172.46,61.74 171.86,63.05"/>
    </edge>
    <edge id=":1825680742_0" function="internal">
        <lane id=":1825680742_0_0" index="0" disallow="tram rail_urban rail rail_electric rail_fast ship" speed="3.65" length="4.67" shape="266.85,-0.26 265.87,-1.32 265.01,-1.58 264.29,-1.05 263.70,0.26"/>
    </edge>
    <edge id=":4023473443_0" function="internal">
        <lane id=":4023473443_0_0" index="0" disallow="tram rail_urban rail rail_electric rail_fast ship" speed="3.65" length="4.67" shape="244.44,388.96 245.43,390.01 246.28,390.28 247.00,389.75 247.59,388.43"/>
    </edge>
    <edge id=":42700394_0" function="internal">
        <lane id=":42700394_0_0" index="0" disallow="tram rail_urban rail rail_electric rail_fast ship" speed="3.65" length="4.67" shape="356.73,184.23 357.78,183.25 358.05,182.39 357.53,181.67 356.22,181.07"/>
    </edge>

    <edge id="-4625260#1" from="1822130929" to="1822130276" name="Barker Street" priority="11" type="highway.secondary" shape="295.36,192.52 262.09,198.00 208.24,208.47">
        <lane id="-4625260#1_0" index="0" disallow="tram rail_urban rail rail_electric rail_fast ship" speed="13.89" length="73.44" shape="288.00,192.11 261.81,196.42 215.77,205.37">
            <param key="origId" value="4625260"/>
        </lane>
    </edge>
    <edge id="-4625260#2" from="42700394" to="1822130929" name="Barker Street" priority="11" type="highway.secondary">
        <lane id="-4625260#2_0" index="0" disallow="tram rail_urban rail rail_electric rail_fast ship" speed="13.89" length="54.68" shape="356.22,181.07 302.24,189.79">
            <param key="origId" value="4625260"/>
        </lane>
    </edge>
    <edge id="-4935016" from="1822130929" to="1822130165" name="Maud Street" priority="3" type="highway.residential">
        <lane id="-4935016_0" index="0" disallow="tram rail_urban rail rail_electric rail_fast ship" speed="13.89" length="88.74" shape="294.96,199.90 309.48,287.45">
            <param key="origId" value="4935016"/>
        </lane>
    </edge>
    <edge id="-4935035" from="4023473443" to="1822130276" name="Botany Street" priority="10" type="highway.tertiary" shape="246.02,388.70 238.32,342.64 236.65,332.64 231.08,301.34 218.95,233.10 208.24,208.47">
        <lane id="-4935035_0" index="0" disallow="tram rail_urban rail rail_electric rail_fast ship" speed="13.89" length="177.21" shape="247.59,388.43 239.90,342.38 238.23,332.37 232.66,301.06 220.49,232.63 212.89,215.15">
            <param key="origId" value="4935035"/>
        </lane>
    </edge>
    <edge id="-567906392" from="1822130276" to="1822131103" name="Botany Street" priority="10" type="highway.tertiary" shape="208.24,208.47 197.94,198.44 193.55,191.02 173.44,62.80">
        <lane id="-567906392_0" index="0" disallow="tram rail_urban rail rail_electric rail_fast ship" speed="13.89" length="141.13" shape="201.75,199.92 199.21,197.44 195.08,190.47 175.02,62.56">
            <param key="origId" value="567906392"/>
        </lane>
    </edge>
    <edge id="-567906393" from="1822130276" to="1822130676" name="Barker Street" priority="11" type="highway.secondary" shape="208.24,208.47 172.83,213.07 147.84,217.08 126.95,220.72 0.00,238.43">
        <lane id="-567906393_0" index="0" disallow="tram rail_urban rail rail_electric rail_fast ship" speed="13.89" length="199.80" shape="197.51,208.25 172.60,211.49 147.58,215.50 126.71,219.14 -0.22,236.84">
            <param key="origId" value="567906393 55687301"/>
        </lane>
    </edge>
    <edge id="-5694363" from="1825680742" to="1822130929" name="Jane Street" priority="3" type="highway.residential" shape="265.27,-0.00 273.03,46.46 295.36,192.52">
        <lane id="-5694363_0" index="0" disallow="tram rail_urban rail rail_electric rail_fast ship" speed="13.89" length="187.61" shape="263.70,0.26 271.45,46.71 292.68,185.62">
            <param key="origId" value="5694363"/>
        </lane>
    </edge>
    <edge id="4625260#0" from="1822130276" to="1822130929" name="Barker Street" priority="11" type="highway.secondary" shape="208.24,208.47 262.09,198.00 295.36,192.52">
        <lane id="4625260#0_0" index="0" disallow="tram rail_urban rail rail_electric rail_fast ship" speed="13.89" length="73.35" shape="216.38,208.51 262.38,199.57 288.52,195.27">
            <param key="origId" value="4625260"/>
        </lane>
    </edge>
    <edge id="4625260#2" from="1822130929" to="42700394" name="Barker Street" priority="11" type="highway.secondary">
        <lane id="4625260#2_0" index="0" disallow="tram rail_urban rail rail_electric rail_fast ship" speed="13.89" length="54.68" shape="302.75,192.95 356.73,184.23">
            <param key="origId" value="4625260"/>
        </lane>
    </edge>
    <edge id="4935016" from="1822130165" to="1822130929" name="Maud Street" priority="3" type="highway.residential">
        <lane id="4935016_0" index="0" disallow="tram rail_urban rail rail_electric rail_fast ship" speed="13.89" length="88.74" shape="312.64,286.92 298.12,199.38">
            <param key="origId" value="4935016"/>
        </lane>
    </edge>
    <edge id="4935035" from="1822130276" to="4023473443" name="Botany Street" priority="10" type="highway.tertiary" shape="208.24,208.47 218.95,233.10 231.08,301.34 236.65,332.64 238.32,342.64 246.02,388.70">
        <lane id="4935035_0" index="0" disallow="tram rail_urban rail rail_electric rail_fast ship" speed="13.89" length="176.42" shape="209.96,216.43 217.41,233.56 229.51,301.62 235.07,332.91 236.74,342.90 244.44,388.96">
            <param key="origId" value="4935035"/>
        </lane>
    </edge>
    <edge id="55687301" from="1822130676" to="1822130276" name="Barker Street" priority="11" type="highway.secondary" shape="0.00,238.43 126.95,220.72 147.84,217.08 172.83,213.07 208.24,208.47">
        <lane id="55687301_0" index="0" disallow="tram rail_urban rail rail_electric rail_fast ship" speed="13.89" length="199.77" shape="0.22,240.01 127.20,222.30 148.11,218.66 173.06,214.65 197.92,211.42">
            <param key="origId" value="55687301 567906393"/>
        </lane>
    </edge>
    <edge id="567906392" from="1822131103" to="1822130276" name="Botany Street" priority="10" type="highway.tertiary" shape="173.44,62.80 193.55,191.02 197.94,198.44 208.24,208.47">
        <lane id="567906392_0" index="0" disallow="tram rail_urban rail rail_electric rail_fast ship" speed="13.89" length="143.20" shape="171.86,63.05 192.02,191.57 196.67,199.44 199.52,202.21">
            <param key="origId" value="567906392"/>
        </lane>
    </edge>
    <edge id="5694363" from="1822130929" to="1825680742" name="Jane Street" priority="3" type="highway.residential" shape="295.36,192.52 273.03,46.46 265.27,-0.00">
        <lane id="5694363_0" index="0" disallow="tram rail_urban rail rail_electric rail_fast ship" speed="13.89" length="187.66" shape="295.85,185.14 274.61,46.20 266.85,-0.26">
            <param key="origId" value="5694363"/>
        </lane>
    </edge>

    <tlLogic id="1822130276" type="actuated" programID="0" offset="0">
        <phase duration="42" state="GGggrrrrGGgrrrr" minDur="5" maxDur="50"/>
        <phase duration="3"  state="yyyyrrrryyyrrrr"/>
        <phase duration="42" state="rrrrGGggrrrGGgg" minDur="5" maxDur="50"/>
        <phase duration="3"  state="rrrryyyyrrryyyy"/>
    </tlLogic>

    <junction id="1822130165" type="priority" x="311.06" y="287.18" incLanes="-4935016_0" intLanes=":1822130165_0_0" shape="311.06,287.18 307.91,287.71 311.06,287.18">
        <request index="0" response="0" foes="0" cont="0"/>
    </junction>
    <junction id="1822130276" type="traffic_light" x="208.24" y="208.47" incLanes="-4625260#1_0 -4935035_0 55687301_0 567906392_0" intLanes=":1822130276_0_0 :1822130276_1_0 :1822130276_15_0 :1822130276_16_0 :1822130276_4_0 :1822130276_5_0 :1822130276_17_0 :1822130276_18_0 :1822130276_8_0 :1822130276_9_0 :1822130276_19_0 :1822130276_11_0 :1822130276_12_0 :1822130276_20_0 :1822130276_21_0" shape="215.47,203.80 216.69,210.08 214.69,210.91 214.14,211.57 213.91,212.39 213.98,213.37 214.36,214.51 208.49,217.07 206.35,214.34 204.79,213.49 202.90,212.99 200.68,212.83 198.13,213.01 197.30,206.66 199.19,206.06 199.56,205.58 199.56,204.96 199.17,204.22 198.40,203.35 202.87,198.77 205.00,200.64 207.12,202.10 209.22,203.14 211.31,203.78 213.40,204.00">
        <request index="0"  response="000000000000000" foes="100000000100000" cont="0"/>
        <request index="1"  response="010000001000000" foes="011110001100000" cont="0"/>
        <request index="2"  response="010001101000000" foes="011001111100000" cont="1"/>
        <request index="3"  response="010001000010000" foes="010001000010000" cont="1"/>
        <request index="4"  response="000001000000000" foes="010001000001000" cont="0"/>
        <request index="5"  response="000001000000111" foes="110001000000111" cont="0"/>
        <request index="6"  response="001101000000110" foes="001111000000110" cont="1"/>
        <request index="7"  response="001000100000100" foes="001000100000100" cont="1"/>
        <request index="8"  response="000000000000000" foes="001000010000100" cont="0"/>
        <request index="9"  response="010000001000000" foes="011000001111100" cont="0"/>
        <request index="10" response="000100001000010" foes="000100001000010" cont="1"/>
        <request index="11" response="000000000000010" foes="000010001000010" cont="0"/>
        <request index="12" response="000001100000110" foes="000001111000110" cont="0"/>
        <request index="13" response="000001000110110" foes="000001000111110" cont="1"/>
        <request index="14" response="000000000100001" foes="000000000100001" cont="1"/>
    </junction>
    <junction id="1822130676" type="priority" x="0.00" y="238.43" incLanes="-567906393_0" intLanes=":1822130676_0_0" shape="0.00,238.43 -0.44,235.26 0.00,238.43">
        <request index="0" response="0" foes="0" cont="0"/>
    </junction>
    <junction id="1822130929" type="priority" x="295.36" y="192.52" incLanes="-4625260#2_0 4935016_0 4625260#0_0 -5694363_0" intLanes=":1822130929_0_0 :1822130929_1_0 :1822130929_16_0 :1822130929_17_0 :1822130929_4_0 :1822130929_5_0 :1822130929_6_0 :1822130929_7_0 :1822130929_8_0 :1822130929_9_0 :1822130929_18_0 :1822130929_19_0 :1822130929_12_0 :1822130929_13_0 :1822130929_14_0 :1822130929_15_0" shape="301.98,188.21 303.00,194.53 300.88,195.32 300.20,196.00 299.77,196.85 299.61,197.89 299.70,199.12 293.38,200.16 292.58,198.03 291.90,197.35 291.04,196.93 290.00,196.76 288.78,196.85 287.74,190.54 289.88,189.73 290.57,189.04 291.00,188.17 291.18,187.11 291.10,185.86 297.43,184.90 298.20,187.02 298.87,187.70 299.72,188.13 300.76,188.30">
        <request index="0"  response="0000000000000000" foes="1000010000100000" cont="0"/>
        <request index="1"  response="0000000000000000" foes="0111110001100000" cont="0"/>
        <request index="2"  response="0000001100000000" foes="0110001111100000" cont="1"/>
        <request index="3"  response="0100001000010000" foes="0100001000010000" cont="1"/>
        <request index="4"  response="0000001000000000" foes="0100001000001000" cont="0"/>
        <request index="5"  response="0000011000000111" foes="1100011000000111" cont="0"/>
        <request index="6"  response="0011011000000110" foes="0011111000000110" cont="0"/>
        <request index="7"  response="0010000100000100" foes="0010000100000100" cont="0"/>
        <request index="8"  response="0000000000000000" foes="0010000010000100" cont="0"/>
        <request index="9"  response="0000000000000000" foes="0110000001111100" cont="0"/>
        <request index="10" response="0000000000000011" foes="1110000001100011" cont="1"/>
        <request index="11" response="0001000001000010" foes="0001000001000010" cont="1"/>
        <request index="12" response="0000000000000010" foes="0000100001000010" cont="0"/>
        <request index="13" response="0000011100000110" foes="0000011111000110" cont="0"/>
        <request index="14" response="0000011000110110" foes="0000011000111110" cont="0"/>
        <request index="15" response="0000010000100001" foes="0000010000100001" cont="0"/>
    </junction>
    <junction id="1822131103" type="priority" x="173.44" y="62.80" incLanes="-567906392_0" intLanes=":1822131103_0_0" shape="173.44,62.80 176.60,62.31 173.44,62.80">
        <request index="0" response="0" foes="0" cont="0"/>
    </junction>
    <junction id="1825680742" type="priority" x="265.27" y="-0.00" incLanes="5694363_0" intLanes=":1825680742_0_0" shape="265.27,0.00 268.43,-0.53 265.27,-0.00">
        <request index="0" response="0" foes="0" cont="0"/>
    </junction>
    <junction id="4023473443" type="priority" x="246.02" y="388.70" incLanes="4935035_0" intLanes=":4023473443_0_0" shape="246.02,388.70 242.86,389.23 246.02,388.70">
        <request index="0" response="0" foes="0" cont="0"/>
    </junction>
    <junction id="42700394" type="priority" x="356.47" y="182.65" incLanes="4625260#2_0" intLanes=":42700394_0_0" shape="356.47,182.65 356.98,185.81 356.47,182.65">
        <request index="0" response="0" foes="0" cont="0"/>
    </junction>

    <junction id=":1822130276_15_0" type="internal" x="210.73" y="207.78" incLanes=":1822130276_2_0 55687301_0" intLanes=":1822130276_5_0 :1822130276_6_0 :1822130276_7_0 :1822130276_8_0 :1822130276_9_0 :1822130276_12_0 :1822130276_13_0"/>
    <junction id=":1822130276_16_0" type="internal" x="214.51" y="207.25" incLanes=":1822130276_3_0 -4935035_0 55687301_0 567906392_0" intLanes=":1822130276_4_0 :1822130276_9_0 :1822130276_13_0"/>
    <junction id=":1822130276_17_0" type="internal" x="208.86" y="211.21" incLanes=":1822130276_6_0 567906392_0" intLanes=":1822130276_1_0 :1822130276_2_0 :1822130276_9_0 :1822130276_10_0 :1822130276_11_0 :1822130276_12_0"/>
    <junction id=":1822130276_18_0" type="internal" x="210.70" y="214.43" incLanes=":1822130276_7_0 -4625260#1_0 55687301_0 567906392_0" intLanes=":1822130276_2_0 :1822130276_8_0 :1822130276_12_0"/>
    <junction id=":1822130276_19_0" type="internal" x="199.30" y="209.63" incLanes=":1822130276_10_0 -4625260#1_0 -4935035_0 567906392_0" intLanes=":1822130276_1_0 :1822130276_6_0 :1822130276_11_0"/>
    <junction id=":1822130276_20_0" type="internal" x="204.72" y="205.68" incLanes=":1822130276_13_0 -4935035_0" intLanes=":1822130276_1_0 :1822130276_2_0 :1822130276_3_0 :1822130276_4_0 :1822130276_5_0 :1822130276_9_0"/>
    <junction id=":1822130276_21_0" type="internal" x="201.78" y="202.18" incLanes=":1822130276_14_0 -4625260#1_0 -4935035_0" intLanes=":1822130276_0_0 :1822130276_5_0"/>
    <junction id=":1822130929_16_0" type="internal" x="296.94" y="192.28" incLanes=":1822130929_2_0 4625260#0_0" intLanes=":1822130929_5_0 :1822130929_6_0 :1822130929_7_0 :1822130929_8_0 :1822130929_9_0 :1822130929_13_0 :1822130929_14_0"/>
    <junction id=":1822130929_17_0" type="internal" x="300.91" y="191.63" incLanes=":1822130929_3_0 -5694363_0 4625260#0_0 4935016_0" intLanes=":1822130929_4_0 :1822130929_9_0 :1822130929_14_0"/>
    <junction id=":1822130929_18_0" type="internal" x="293.77" y="192.79" incLanes=":1822130929_10_0 -4625260#2_0" intLanes=":1822130929_0_0 :1822130929_1_0 :1822130929_5_0 :1822130929_6_0 :1822130929_13_0 :1822130929_14_0 :1822130929_15_0"/>
    <junction id=":1822130929_19_0" type="internal" x="289.84" y="193.43" incLanes=":1822130929_11_0 -4625260#2_0 -5694363_0 4935016_0" intLanes=":1822130929_1_0 :1822130929_6_0 :1822130929_12_0"/>

    <connection from="-4625260#1" to="-567906392" fromLane="0" toLane="0" via=":1822130276_0_0" tl="1822130276" linkIndex="0" dir="l" state="O"/>
    <connection from="-4625260#1" to="-567906393" fromLane="0" toLane="0" via=":1822130276_1_0" tl="1822130276" linkIndex="1" dir="s" state="O"/>
    <connection from="-4625260#1" to="4935035" fromLane="0" toLane="0" via=":1822130276_2_0" tl="1822130276" linkIndex="2" dir="r" state="o"/>
    <connection from="-4625260#1" to="4625260#0" fromLane="0" toLane="0" via=":1822130276_3_0" tl="1822130276" linkIndex="3" dir="T" state="o"/>
    <connection from="-4625260#2" to="5694363" fromLane="0" toLane="0" via=":1822130929_0_0" dir="l" state="M"/>
    <connection from="-4625260#2" to="-4625260#1" fromLane="0" toLane="0" via=":1822130929_1_0" dir="s" state="M"/>
    <connection from="-4625260#2" to="-4935016" fromLane="0" toLane="0" via=":1822130929_2_0" dir="r" state="m"/>
    <connection from="-4625260#2" to="4625260#2" fromLane="0" toLane="0" via=":1822130929_3_0" dir="T" state="m"/>
    <connection from="-4935016" to="4935016" fromLane="0" toLane="0" via=":1822130165_0_0" dir="T" state="M"/>
    <connection from="-4935035" to="4625260#0" fromLane="0" toLane="0" via=":1822130276_4_0" tl="1822130276" linkIndex="4" dir="l" state="o"/>
    <connection from="-4935035" to="-567906392" fromLane="0" toLane="0" via=":1822130276_5_0" tl="1822130276" linkIndex="5" dir="s" state="o"/>
    <connection from="-4935035" to="-567906393" fromLane="0" toLane="0" via=":1822130276_6_0" tl="1822130276" linkIndex="6" dir="r" state="o"/>
    <connection from="-4935035" to="4935035" fromLane="0" toLane="0" via=":1822130276_7_0" tl="1822130276" linkIndex="7" dir="T" state="o"/>
    <connection from="-567906392" to="567906392" fromLane="0" toLane="0" via=":1822131103_0_0" dir="T" state="M"/>
    <connection from="-567906393" to="55687301" fromLane="0" toLane="0" via=":1822130676_0_0" dir="T" state="M"/>
    <connection from="-5694363" to="-4625260#1" fromLane="0" toLane="0" via=":1822130929_12_0" dir="l" state="m"/>
    <connection from="-5694363" to="-4935016" fromLane="0" toLane="0" via=":1822130929_13_0" dir="s" state="m"/>
    <connection from="-5694363" to="4625260#2" fromLane="0" toLane="0" via=":1822130929_14_0" dir="r" state="m"/>
    <connection from="-5694363" to="5694363" fromLane="0" toLane="0" via=":1822130929_15_0" dir="T" state="m"/>
    <connection from="4625260#0" to="-4935016" fromLane="0" toLane="0" via=":1822130929_8_0" dir="l" state="M"/>
    <connection from="4625260#0" to="4625260#2" fromLane="0" toLane="0" via=":1822130929_9_0" dir="s" state="M"/>
    <connection from="4625260#0" to="5694363" fromLane="0" toLane="0" via=":1822130929_10_0" dir="r" state="m"/>
    <connection from="4625260#0" to="-4625260#1" fromLane="0" toLane="0" via=":1822130929_11_0" dir="T" state="m"/>
    <connection from="4625260#2" to="-4625260#2" fromLane="0" toLane="0" via=":42700394_0_0" dir="T" state="M"/>
    <connection from="4935016" to="4625260#2" fromLane="0" toLane="0" via=":1822130929_4_0" dir="l" state="m"/>
    <connection from="4935016" to="5694363" fromLane="0" toLane="0" via=":1822130929_5_0" dir="s" state="m"/>
    <connection from="4935016" to="-4625260#1" fromLane="0" toLane="0" via=":1822130929_6_0" dir="r" state="m"/>
    <connection from="4935016" to="-4935016" fromLane="0" toLane="0" via=":1822130929_7_0" dir="T" state="m"/>
    <connection from="4935035" to="-4935035" fromLane="0" toLane="0" via=":4023473443_0_0" dir="T" state="M"/>
    <connection from="55687301" to="4935035" fromLane="0" toLane="0" via=":1822130276_8_0" tl="1822130276" linkIndex="8" dir="l" state="O"/>
    <connection from="55687301" to="4625260#0" fromLane="0" toLane="0" via=":1822130276_9_0" tl="1822130276" linkIndex="9" dir="s" state="O"/>
    <connection from="55687301" to="-567906393" fromLane="0" toLane="0" via=":1822130276_10_0" tl="1822130276" linkIndex="10" dir="T" state="o"/>
    <connection from="567906392" to="-567906393" fromLane="0" toLane="0" via=":1822130276_11_0" tl="1822130276" linkIndex="11" dir="l" state="o"/>
    <connection from="567906392" to="4935035" fromLane="0" toLane="0" via=":1822130276_12_0" tl="1822130276" linkIndex="12" dir="s" state="o"/>
    <connection from="567906392" to="4625260#0" fromLane="0" toLane="0" via=":1822130276_13_0" tl="1822130276" linkIndex="13" dir="r" state="o"/>
    <connection from="567906392" to="-567906392" fromLane="0" toLane="0" via=":1822130276_14_0" tl="1822130276" linkIndex="14" dir="T" state="o"/>
    <connection from="5694363" to="-5694363" fromLane="0" toLane="0" via=":1825680742_0_0" dir="T" state="M"/>

    <connection from=":1822130165_0" to="4935016" fromLane="0" toLane="0" dir="T" state="M"/>
    <connection from=":1822130276_0" to="-567906392" fromLane="0" toLane="0" dir="l" state="M"/>
    <connection from=":1822130276_1" to="-567906393" fromLane="0" toLane="0" dir="s" state="M"/>
    <connection from=":1822130276_2" to="4935035" fromLane="0" toLane="0" via=":1822130276_15_0" dir="r" state="m"/>
    <connection from=":1822130276_15" to="4935035" fromLane="0" toLane="0" dir="r" state="M"/>
    <connection from=":1822130276_3" to="4625260#0" fromLane="0" toLane="0" via=":1822130276_16_0" dir="T" state="m"/>
    <connection from=":1822130276_16" to="4625260#0" fromLane="0" toLane="0" dir="T" state="M"/>
    <connection from=":1822130276_4" to="4625260#0" fromLane="0" toLane="0" dir="l" state="M"/>
    <connection from=":1822130276_5" to="-567906392" fromLane="0" toLane="0" dir="s" state="M"/>
    <connection from=":1822130276_6" to="-567906393" fromLane="0" toLane="0" via=":1822130276_17_0" dir="r" state="m"/>
    <connection from=":1822130276_17" to="-567906393" fromLane="0" toLane="0" dir="r" state="M"/>
    <connection from=":1822130276_7" to="4935035" fromLane="0" toLane="0" via=":1822130276_18_0" dir="T" state="m"/>
    <connection from=":1822130276_18" to="4935035" fromLane="0" toLane="0" dir="T" state="M"/>
    <connection from=":1822130276_8" to="4935035" fromLane="0" toLane="0" dir="l" state="M"/>
    <connection from=":1822130276_9" to="4625260#0" fromLane="0" toLane="0" dir="s" state="M"/>
    <connection from=":1822130276_10" to="-567906393" fromLane="0" toLane="0" via=":1822130276_19_0" dir="T" state="m"/>
    <connection from=":1822130276_19" to="-567906393" fromLane="0" toLane="0" dir="T" state="M"/>
    <connection from=":1822130276_11" to="-567906393" fromLane="0" toLane="0" dir="l" state="M"/>
    <connection from=":1822130276_12" to="4935035" fromLane="0" toLane="0" dir="s" state="M"/>
    <connection from=":1822130276_13" to="4625260#0" fromLane="0" toLane="0" via=":1822130276_20_0" dir="r" state="m"/>
    <connection from=":1822130276_20" to="4625260#0" fromLane="0" toLane="0" dir="r" state="M"/>
    <connection from=":1822130276_14" to="-567906392" fromLane="0" toLane="0" via=":1822130276_21_0" dir="T" state="m"/>
    <connection from=":1822130276_21" to="-567906392" fromLane="0" toLane="0" dir="T" state="M"/>
    <connection from=":1822130676_0" to="55687301" fromLane="0" toLane="0" dir="T" state="M"/>
    <connection from=":1822130929_0" to="5694363" fromLane="0" toLane="0" dir="l" state="M"/>
    <connection from=":1822130929_1" to="-4625260#1" fromLane="0" toLane="0" dir="s" state="M"/>
    <connection from=":1822130929_2" to="-4935016" fromLane="0" toLane="0" via=":1822130929_16_0" dir="r" state="m"/>
    <connection from=":1822130929_16" to="-4935016" fromLane="0" toLane="0" dir="r" state="M"/>
    <connection from=":1822130929_3" to="4625260#2" fromLane="0" toLane="0" via=":1822130929_17_0" dir="T" state="m"/>
    <connection from=":1822130929_17" to="4625260#2" fromLane="0" toLane="0" dir="T" state="M"/>
    <connection from=":1822130929_4" to="4625260#2" fromLane="0" toLane="0" dir="l" state="M"/>
    <connection from=":1822130929_5" to="5694363" fromLane="0" toLane="0" dir="s" state="M"/>
    <connection from=":1822130929_6" to="-4625260#1" fromLane="0" toLane="0" dir="r" state="M"/>
    <connection from=":1822130929_7" to="-4935016" fromLane="0" toLane="0" dir="T" state="M"/>
    <connection from=":1822130929_8" to="-4935016" fromLane="0" toLane="0" dir="l" state="M"/>
    <connection from=":1822130929_9" to="4625260#2" fromLane="0" toLane="0" dir="s" state="M"/>
    <connection from=":1822130929_10" to="5694363" fromLane="0" toLane="0" via=":1822130929_18_0" dir="r" state="m"/>
    <connection from=":1822130929_18" to="5694363" fromLane="0" toLane="0" dir="r" state="M"/>
    <connection from=":1822130929_11" to="-4625260#1" fromLane="0" toLane="0" via=":1822130929_19_0" dir="T" state="m"/>
    <connection from=":1822130929_19" to="-4625260#1" fromLane="0" toLane="0" dir="T" state="M"/>
    <connection from=":1822130929_12" to="-4625260#1" fromLane="0" toLane="0" dir="l" state="M"/>
    <connection from=":1822130929_13" to="-4935016" fromLane="0" toLane="0" dir="s" state="M"/>
    <connection from=":1822130929_14" to="4625260#2" fromLane="0" toLane="0" dir="r" state="M"/>
    <connection from=":1822130929_15" to="5694363" fromLane="0" toLane="0" dir="T" state="M"/>
    <connection from=":1822131103_0" to="567906392" fromLane="0" toLane="0" dir="T" state="M"/>
    <connection from=":1825680742_0" to="-5694363" fromLane="0" toLane="0" dir="T" state="M"/>
    <connection from=":4023473443_0" to="-4935035" fromLane="0" toLane="0" dir="T" state="M"/>
    <connection from=":42700394_0" to="-4625260#2" fromLane="0" toLane="0" dir="T" state="M"/>

</net>
